run_id,aggregator,attack,privacy,seed,global_swell_macro_f1,global_wesad_macro_f1,quorum_failed,dropped,malicious_dropped,malicious_present,clipped,epsilon_central,epsilon_local
20261003T135544Z-46c35f853ba0,fedavg,none,none,2,0.524734,0.750588,7,0.0,0.0,0.0,0.0,0.0,0.0
20261003T135544Z-5297a6d00180,fedavg,none,none,0,0.589942,0.750588,9,0.0,0.0,0.0,0.0,0.0,0.0
20261003T135544Z-c26bc50c7ed9,fedavg,none,none,1,0.587865,0.750588,9,0.0,0.0,0.0,0.0,0.0,0.0
20261003T135649Z-f43362d82f14,median,none,none,0,0.586938,0.750588,9,0.0,0.0,0.0,0.0,0.0,0.0
20261003T135650Z-b75c82a4ba77,median,none,none,1,0.572622,0.750588,9,0.0,0.0,0.0,0.0,0.0,0.0
20261003T135651Z-811f1004f93b,median,none,none,2,0.57365,0.720666,7,0.0,0.0,0.0,0.0,0.0,0.0
20261003T135749Z-c5b42226454e,trimmed_mean,none,none,0,0.604941,0.750588,9,0.0,0.0,0.0,0.0,0.0,0.0
20261003T135750Z-de184832ce20,trimmed_mean,none,none,1,0.597334,0.750588,9,0.0,0.0,0.0,0.0,0.0,0.0
20261003T135753Z-a10427f4a064,trimmed_mean,none,none,2,0.529435,0.750588,7,0.0,0.0,0.0,0.0,0.0,0.0
20261003T135849Z-e70fea04fd58,krum,none,none,0,0.603684,0.350129,9,398.0,0.0,0.0,0.0,0.0,0.0
20261003T135852Z-476d6b15b9b8,krum,none,none,1,0.544967,0.744406,9,424.0,0.0,0.0,0.0,0.0,0.0
20261003T135854Z-a19e8e5ea26f,krum,none,none,2,0.518815,0.757087,7,432.0,0.0,0.0,0.0,0.0,0.0
20261003T135950Z-c4774b4e6001,multi_krum,none,none,0,0.595958,0.720666,9,66.0,0.0,0.0,0.0,0.0,0.0
20261003T135954Z-1f2899a1faf9,multi_krum,none,none,1,0.593044,0.750588,9,70.0,0.0,0.0,0.0,0.0,0.0
20261003T135954Z-d5c2b6a60784,multi_krum,none,none,2,0.54151,0.806767,7,72.0,0.0,0.0,0.0,0.0,0.0
20261003T140050Z-f3d3555b43ea,geometric_median,none,none,0,0.59908,0.750588,9,0.0,0.0,0.0,0.0,0.0,0.0
20261003T140054Z-fe0374949378,geometric_median,none,none,1,0.589298,0.750588,9,0.0,0.0,0.0,0.0,0.0,0.0
20261003T140056Z-a2764f219393,geometric_median,none,none,2,0.51398,0.738338,7,0.0,0.0,0.0,0.0,0.0,0.0
20261003T140151Z-262759f89c2e,bulyan,none,none,0,0.575114,0.732367,9,68.0,0.0,0.0,0.0,0.0,0.0
20261003T140156Z-9b11f95ce358,bulyan,none,none,1,0.603084,0.750588,9,74.0,0.0,0.0,0.0,0.0,0.0
20261003T140159Z-50688594d72e,bulyan,none,none,2,0.570708,0.732367,7,72.0,0.0,0.0,0.0,0.0,0.0
20261003T140252Z-b0a64b14dd7b,norm_clip(bound=1.0),none,none,0,0.593279,0.750588,9,0.0,0.0,0.0,246.0,0.0,0.0
20261003T140300Z-ca27532590fb,norm_clip(bound=1.0),none,none,1,0.584783,0.750588,9,0.0,0.0,0.0,260.0,0.0,0.0
20261003T140304Z-6f7f84739c27,norm_clip(bound=1.0),none,none,2,0.541244,0.738338,7,0.0,0.0,0.0,258.0,0.0,0.0
20261003T140351Z-c2480fa90965,fedavg,sign_flip(fraction=0.2),none,0,0.589256,0.714477,9,0.0,0.0,0.0,0.0,0.0,0.0
20261003T140402Z-79b9cb0cc058,fedavg,sign_flip(fraction=0.2),none,1,0.537609,0.840777,9,0.0,0.0,0.0,0.0,0.0,0.0
20261003T140406Z-6fefe3a564fb,fedavg,sign_flip(fraction=0.2),none,2,0.493959,0.692906,7,0.0,0.0,0.0,0.0,0.0,0.0
20261003T140451Z-5ce463715eb3,median,sign_flip(fraction=0.2),none,0,0.510715,0.726116,9,0.0,0.0,0.0,0.0,0.0,0.0
20261003T140505Z-3d6ea649d3df,median,sign_flip(fraction=0.2),none,1,0.534142,0.854421,9,0.0,0.0,0.0,0.0,0.0,0.0
20261003T140508Z-4184db13aaed,median,sign_flip(fraction=0.2),none,2,0.507247,0.638278,7,0.0,0.0,0.0,0.0,0.0,0.0
20261003T140553Z-2049e9b721fd,trimmed_mean,sign_flip(fraction=0.2),none,0,0.598496,0.750588,9,0.0,0.0,0.0,0.0,0.0,0.0
20261003T140607Z-82b6c2a31c66,trimmed_mean,sign_flip(fraction=0.2),none,1,0.506725,0.816979,9,0.0,0.0,0.0,0.0,0.0,0.0
20261003T140612Z-21f95a8b95f0,trimmed_mean,sign_flip(fraction=0.2),none,2,0.494795,0.674349,7,0.0,0.0,0.0,0.0,0.0,0.0
20261003T140654Z-5b6a218ee1bd,krum,sign_flip(fraction=0.2),none,0,0.574895,0.266576,9,398.0,90.0,98.0,0.0,0.0,0.0
20261003T140709Z-751893ade76d,krum,sign_flip(fraction=0.2),none,1,0.597134,0.750588,9,424.0,103.0,107.0,0.0,0.0,0.0
20261003T140713Z-0e91d982839b,krum,sign_flip(fraction=0.2),none,2,0.534222,0.291034,7,432.0,97.0,108.0,0.0,0.0,0.0
20261003T140754Z-cb82b652b01d,multi_krum,sign_flip(fraction=0.2),none,0,0.616591,0.67492,9,66.0,14.0,98.0,0.0,0.0,0.0
20261003T140810Z-b89662d2eb04,multi_krum,sign_flip(fraction=0.2),none,1,0.57821,0.914245,9,70.0,32.0,107.0,0.0,0.0,0.0
20261003T140815Z-36322a94c75a,multi_krum,sign_flip(fraction=0.2),none,2,0.503312,0.750472,7,72.0,41.0,108.0,0.0,0.0,0.0
20261003T140856Z-74c66116ffdd,geometric_median,sign_flip(fraction=0.2),none,0,0.604908,0.680157,9,0.0,0.0,0.0,0.0,0.0,0.0
20261003T140911Z-1decb73ff61e,geometric_median,sign_flip(fraction=0.2),none,1,0.582228,0.902188,9,0.0,0.0,0.0,0.0,0.0,0.0
20261003T140917Z-b67061b4ffcb,geometric_median,sign_flip(fraction=0.2),none,2,0.491735,0.724098,7,0.0,0.0,0.0,0.0,0.0,0.0
20261003T140958Z-0ca97fc4fbed,bulyan,sign_flip(fraction=0.2),none,0,0.49736,0.816862,9,68.0,17.0,98.0,0.0,0.0,0.0
20261003T141018Z-954cd9a72279,bulyan,sign_flip(fraction=0.2),none,1,0.555131,0.804831,9,74.0,45.0,107.0,0.0,0.0,0.0
20261003T141026Z-35110b16e6f0,bulyan,sign_flip(fraction=0.2),none,2,0.51599,0.679269,7,72.0,27.0,108.0,0.0,0.0,0.0
20261003T141108Z-37bc593b6988,norm_clip(bound=1.0),sign_flip(fraction=0.2),none,0,0.591891,0.673807,9,0.0,0.0,0.0,243.0,0.0,0.0
20261003T141126Z-8eee99c8a38d,norm_clip(bound=1.0),sign_flip(fraction=0.2),none,1,0.562028,0.898637,9,0.0,0.0,0.0,241.0,0.0,0.0
20261003T141135Z-c262baebb7e1,norm_clip(bound=1.0),sign_flip(fraction=0.2),none,2,0.489592,0.710228,7,0.0,0.0,0.0,223.0,0.0,0.0
20261003T142208Z-2bb67d3ad6d0,bulyan,"sign_flip(fraction=0.2,scale=5.0)",none,2,0.403422,0.261724,8,68.0,51.0,102.0,0.0,0.0,0.0
20261003T142208Z-9e2c7be2e5cc,bulyan,"sign_flip(fraction=0.2,scale=5.0)",none,1,0.553246,0.378594,9,74.0,74.0,107.0,0.0,0.0,0.0
20261003T142208Z-e63997662e83,bulyan,"sign_flip(fraction=0.2,scale=5.0)",none,0,0.403422,0.248028,9,68.0,49.0,98.0,0.0,0.0,0.0
20261003T142317Z-0cc4c89737fd,fedavg,"sign_flip(fraction=0.2,scale=5.0)",none,2,0.243895,0.392182,12,0.0,0.0,0.0,0.0,0.0,0.0
20261003T142317Z-9c41bf932051,fedavg,"sign_flip(fraction=0.2,scale=5.0)",none,0,0.243895,0.392182,9,0.0,0.0,0.0,0.0,0.0,0.0
20261003T142317Z-9e2c4621c13f,fedavg,"sign_flip(fraction=0.2,scale=5.0)",none,1,0.243895,0.392182,10,0.0,0.0,0.0,0.0,0.0,0.0
20261003T142425Z-17621ea2394e,geometric_median,"sign_flip(fraction=0.2,scale=5.0)",none,2,0.494803,0.452448,7,0.0,0.0,0.0,0.0,0.0,0.0
20261003T142425Z-7b94fc8aa2b8,geometric_median,"sign_flip(fraction=0.2,scale=5.0)",none,1,0.569921,0.882381,9,0.0,0.0,0.0,0.0,0.0,0.0
20261003T142425Z-ee919c73caa6,geometric_median,"sign_flip(fraction=0.2,scale=5.0)",none,0,0.59999,0.604984,9,0.0,0.0,0.0,0.0,0.0,0.0
20261003T142534Z-09c3938a84ac,krum,"sign_flip(fraction=0.2,scale=5.0)",none,0,0.570448,0.258124,9,398.0,98.0,98.0,0.0,0.0,0.0
20261003T142534Z-2f22cc78774f,krum,"sign_flip(fraction=0.2,scale=5.0)",none,1,0.518381,0.586009,9,424.0,107.0,107.0,0.0,0.0,0.0
20261003T142534Z-c532e3982674,krum,"sign_flip(fraction=0.2,scale=5.0)",none,2,0.553896,0.261724,7,432.0,108.0,108.0,0.0,0.0,0.0
20261003T142641Z-80b3b26742e7,median,"sign_flip(fraction=0.2,scale=5.0)",none,2,0.489124,0.16251,7,0.0,0.0,0.0,0.0,0.0,0.0
20261003T142641Z-cebb6957b8d9,median,"sign_flip(fraction=0.2,scale=5.0)",none,0,0.572654,0.444967,9,0.0,0.0,0.0,0.0,0.0,0.0
20261003T142641Z-eca7f1fb5794,median,"sign_flip(fraction=0.2,scale=5.0)",none,1,0.561979,0.892675,9,0.0,0.0,0.0,0.0,0.0,0.0
20261003T142756Z-0ab4e701ca95,multi_krum,"sign_flip(fraction=0.2,scale=5.0)",none,0,0.529179,0.31951,9,66.0,49.0,98.0,0.0,0.0,0.0
20261003T142756Z-3d3cafdcd645,multi_krum,"sign_flip(fraction=0.2,scale=5.0)",none,1,0.423063,0.92872,9,70.0,70.0,107.0,0.0,0.0,0.0
20261003T142756Z-43603307a4f9,multi_krum,"sign_flip(fraction=0.2,scale=5.0)",none,2,0.514126,0.731725,7,72.0,52.0,108.0,0.0,0.0,0.0
20261003T142916Z-3dd57bec7281,norm_clip(bound=1.0),"sign_flip(fraction=0.2,scale=5.0)",none,1,0.566205,0.909858,9,0.0,0.0,0.0,296.0,0.0,0.0
20261003T142916Z-4e79b7675cc6,norm_clip(bound=1.0),"sign_flip(fraction=0.2,scale=5.0)",none,2,0.487457,0.715855,7,0.0,0.0,0.0,273.0,0.0,0.0
20261003T142916Z-a33a684d39e7,norm_clip(bound=1.0),"sign_flip(fraction=0.2,scale=5.0)",none,0,0.590982,0.662106,9,0.0,0.0,0.0,300.0,0.0,0.0
20261003T143029Z-5fa9c3afe9e3,trimmed_mean,"sign_flip(fraction=0.2,scale=5.0)",none,0,0.243895,0.392182,9,0.0,0.0,0.0,0.0,0.0,0.0
20261003T143029Z-e18b6b08a95f,trimmed_mean,"sign_flip(fraction=0.2,scale=5.0)",none,2,0.243895,0.383221,12,0.0,0.0,0.0,0.0,0.0,0.0
20261003T143029Z-e8910e062507,trimmed_mean,"sign_flip(fraction=0.2,scale=5.0)",none,1,0.243895,0.392182,10,0.0,0.0,0.0,0.0,0.0,0.0
