scenario,seed,run_id,model,dataset,round,samples,macro_f1
labels.fraction=0.2,0,20261005T101015Z-6054809f18b8,prequential,swell,2,180,0.457831
labels.fraction=0.2,0,20261005T101015Z-6054809f18b8,prequential,swell,3,180,0.494382
labels.fraction=0.2,0,20261005T101015Z-6054809f18b8,prequential,swell,4,170,0.5
labels.fraction=0.2,0,20261005T101015Z-6054809f18b8,prequential,swell,5,22,0.5
labels.fraction=0.2,0,20261005T101015Z-6054809f18b8,prequential,swell,6,60,0.0
labels.fraction=0.2,0,20261005T101015Z-6054809f18b8,prequential,swell,7,135,0.0
labels.fraction=0.2,0,20261005T101015Z-6054809f18b8,prequential,swell,8,175,0.279835
labels.fraction=0.2,0,20261005T101015Z-6054809f18b8,prequential,swell,9,169,0.498516
labels.fraction=0.2,0,20261005T101015Z-6054809f18b8,prequential,swell,10,99,0.5
labels.fraction=0.2,0,20261005T101015Z-6054809f18b8,prequential,swell,11,76,0.5
labels.fraction=0.2,0,20261005T101015Z-6054809f18b8,prequential,swell,12,110,0.5
labels.fraction=0.2,0,20261005T101015Z-6054809f18b8,prequential,swell,13,148,0.5
labels.fraction=0.2,0,20261005T101015Z-6054809f18b8,prequential,swell,14,164,0.5
labels.fraction=0.2,0,20261005T101015Z-6054809f18b8,prequential,swell,15,154,0.5
labels.fraction=0.2,0,20261005T101015Z-6054809f18b8,prequential,swell,16,94,0.5
labels.fraction=0.2,0,20261005T101015Z-6054809f18b8,prequential,swell,17,23,0.5
labels.fraction=0.2,0,20261005T101015Z-6054809f18b8,prequential,wesad,2,1,0.0
labels.fraction=0.2,0,20261005T101015Z-6054809f18b8,prequential,wesad,3,88,0.0
labels.fraction=0.2,0,20261005T101015Z-6054809f18b8,prequential,wesad,4,10,0.0
labels.fraction=0.2,0,20261005T101015Z-6054809f18b8,prequential,wesad,5,69,0.0
labels.fraction=0.2,0,20261005T101015Z-6054809f18b8,prequential,wesad,6,33,0.0
labels.fraction=0.2,0,20261005T101015Z-6054809f18b8,prequential_labelled,swell,3,35,0.461538
labels.fraction=0.2,0,20261005T101015Z-6054809f18b8,prequential_labelled,swell,4,35,0.492754
labels.fraction=0.2,0,20261005T101015Z-6054809f18b8,prequential_labelled,swell,5,30,0.5
labels.fraction=0.2,0,20261005T101015Z-6054809f18b8,prequential_labelled,swell,6,3,0.5
labels.fraction=0.2,0,20261005T101015Z-6054809f18b8,prequential_labelled,swell,7,14,0.0
labels.fraction=0.2,0,20261005T101015Z-6054809f18b8,prequential_labelled,swell,8,38,0.0
labels.fraction=0.2,0,20261005T101015Z-6054809f18b8,prequential_labelled,swell,9,35,0.23913
labels.fraction=0.2,0,20261005T101015Z-6054809f18b8,prequential_labelled,swell,10,33,0.5
labels.fraction=0.2,0,20261005T101015Z-6054809f18b8,prequential_labelled,swell,11,24,0.5
labels.fraction=0.2,0,20261005T101015Z-6054809f18b8,prequential_labelled,swell,12,14,0.5
labels.fraction=0.2,0,20261005T101015Z-6054809f18b8,prequential_labelled,swell,13,23,0.5
labels.fraction=0.2,0,20261005T101015Z-6054809f18b8,prequential_labelled,swell,14,25,0.5
labels.fraction=0.2,0,20261005T101015Z-6054809f18b8,prequential_labelled,swell,15,33,0.5
labels.fraction=0.2,0,20261005T101015Z-6054809f18b8,prequential_labelled,swell,16,26,0.5
labels.fraction=0.2,0,20261005T101015Z-6054809f18b8,prequential_labelled,swell,17,17,0.5
labels.fraction=0.2,0,20261005T101015Z-6054809f18b8,prequential_labelled,wesad,4,14,0.0
labels.fraction=0.2,0,20261005T101015Z-6054809f18b8,prequential_labelled,wesad,5,4,0.0
labels.fraction=0.2,0,20261005T101015Z-6054809f18b8,prequential_labelled,wesad,6,22,0.0
labels.fraction=0.2,0,20261005T101015Z-6054809f18b8,prequential_labelled,wesad,7,6,0.0
labels.fraction=0.2,1,20261005T101015Z-d7b9424dad92,prequential,swell,2,180,0.397993
labels.fraction=0.2,1,20261005T101015Z-d7b9424dad92,prequential,swell,3,180,0.5
labels.fraction=0.2,1,20261005T101015Z-d7b9424dad92,prequential,swell,4,170,0.5
labels.fraction=0.2,1,20261005T101015Z-d7b9424dad92,prequential,swell,5,22,0.5
labels.fraction=0.2,1,20261005T101015Z-d7b9424dad92,prequential,swell,6,60,0.0
labels.fraction=0.2,1,20261005T101015Z-d7b9424dad92,prequential,swell,7,135,0.0
labels.fraction=0.2,1,20261005T101015Z-d7b9424dad92,prequential,swell,8,175,0.204545
labels.fraction=0.2,1,20261005T101015Z-d7b9424dad92,prequential,swell,9,169,0.5
labels.fraction=0.2,1,20261005T101015Z-d7b9424dad92,prequential,swell,10,99,0.5
labels.fraction=0.2,1,20261005T101015Z-d7b9424dad92,prequential,swell,11,76,0.5
labels.fraction=0.2,1,20261005T101015Z-d7b9424dad92,prequential,swell,12,110,0.5
labels.fraction=0.2,1,20261005T101015Z-d7b9424dad92,prequential,swell,13,148,0.5
labels.fraction=0.2,1,20261005T101015Z-d7b9424dad92,prequential,swell,14,164,0.5
labels.fraction=0.2,1,20261005T101015Z-d7b9424dad92,prequential,swell,15,154,0.5
labels.fraction=0.2,1,20261005T101015Z-d7b9424dad92,prequential,swell,16,94,0.5
labels.fraction=0.2,1,20261005T101015Z-d7b9424dad92,prequential,swell,17,23,0.5
labels.fraction=0.2,1,20261005T101015Z-d7b9424dad92,prequential,wesad,2,1,0.0
labels.fraction=0.2,1,20261005T101015Z-d7b9424dad92,prequential,wesad,3,88,0.0
labels.fraction=0.2,1,20261005T101015Z-d7b9424dad92,prequential,wesad,4,10,0.0
labels.fraction=0.2,1,20261005T101015Z-d7b9424dad92,prequential,wesad,5,69,0.0
labels.fraction=0.2,1,20261005T101015Z-d7b9424dad92,prequential,wesad,6,33,0.0
labels.fraction=0.2,1,20261005T101015Z-d7b9424dad92,prequential_labelled,swell,3,39,0.4
labels.fraction=0.2,1,20261005T101015Z-d7b9424dad92,prequential_labelled,swell,4,27,0.5
labels.fraction=0.2,1,20261005T101015Z-d7b9424dad92,prequential_labelled,swell,5,36,0.5
labels.fraction=0.2,1,20261005T101015Z-d7b9424dad92,prequential_labelled,swell,6,4,0.5
labels.fraction=0.2,1,20261005T101015Z-d7b9424dad92,prequential_labelled,swell,7,14,0.0
labels.fraction=0.2,1,20261005T101015Z-d7b9424dad92,prequential_labelled,swell,8,24,0.0
labels.fraction=0.2,1,20261005T101015Z-d7b9424dad92,prequential_labelled,swell,9,35,0.204545
labels.fraction=0.2,1,20261005T101015Z-d7b9424dad92,prequential_labelled,swell,10,28,0.5
labels.fraction=0.2,1,20261005T101015Z-d7b9424dad92,prequential_labelled,swell,11,17,0.5
labels.fraction=0.2,1,20261005T101015Z-d7b9424dad92,prequential_labelled,swell,12,15,0.5
labels.fraction=0.2,1,20261005T101015Z-d7b9424dad92,prequential_labelled,swell,13,19,0.5
labels.fraction=0.2,1,20261005T101015Z-d7b9424dad92,prequential_labelled,swell,14,31,0.5
labels.fraction=0.2,1,20261005T101015Z-d7b9424dad92,prequential_labelled,swell,15,41,0.5
labels.fraction=0.2,1,20261005T101015Z-d7b9424dad92,prequential_labelled,swell,16,33,0.5
labels.fraction=0.2,1,20261005T101015Z-d7b9424dad92,prequential_labelled,swell,17,21,0.5
labels.fraction=0.2,1,20261005T101015Z-d7b9424dad92,prequential_labelled,wesad,4,15,0.0
labels.fraction=0.2,1,20261005T101015Z-d7b9424dad92,prequential_labelled,wesad,5,2,0.0
labels.fraction=0.2,1,20261005T101015Z-d7b9424dad92,prequential_labelled,wesad,6,14,0.0
labels.fraction=0.2,1,20261005T101015Z-d7b9424dad92,prequential_labelled,wesad,7,7,0.0
labels.fraction=0.2,2,20261005T101016Z-786d09d6609a,prequential,swell,2,180,0.497207
labels.fraction=0.2,2,20261005T101016Z-786d09d6609a,prequential,swell,3,180,0.5
labels.fraction=0.2,2,20261005T101016Z-786d09d6609a,prequential,swell,4,170,0.5
labels.fraction=0.2,2,20261005T101016Z-786d09d6609a,prequential,swell,5,22,0.5
labels.fraction=0.2,2,20261005T101016Z-786d09d6609a,prequential,swell,6,60,0.0
labels.fraction=0.2,2,20261005T101016Z-786d09d6609a,prequential,swell,7,135,0.0
labels.fraction=0.2,2,20261005T101016Z-786d09d6609a,prequential,swell,8,175,0.064171
labels.fraction=0.2,2,20261005T101016Z-786d09d6609a,prequential,swell,9,169,0.5
labels.fraction=0.2,2,20261005T101016Z-786d09d6609a,prequential,swell,10,99,0.5
labels.fraction=0.2,2,20261005T101016Z-786d09d6609a,prequential,swell,11,76,0.5
labels.fraction=0.2,2,20261005T101016Z-786d09d6609a,prequential,swell,12,110,0.5
labels.fraction=0.2,2,20261005T101016Z-786d09d6609a,prequential,swell,13,148,0.5
labels.fraction=0.2,2,20261005T101016Z-786d09d6609a,prequential,swell,14,164,0.5
labels.fraction=0.2,2,20261005T101016Z-786d09d6609a,prequential,swell,15,154,0.5
labels.fraction=0.2,2,20261005T101016Z-786d09d6609a,prequential,swell,16,94,0.5
labels.fraction=0.2,2,20261005T101016Z-786d09d6609a,prequential,swell,17,23,0.5
labels.fraction=0.2,2,20261005T101016Z-786d09d6609a,prequential,wesad,2,1,0.0
labels.fraction=0.2,2,20261005T101016Z-786d09d6609a,prequential,wesad,3,88,0.0
labels.fraction=0.2,2,20261005T101016Z-786d09d6609a,prequential,wesad,4,10,0.0
labels.fraction=0.2,2,20261005T101016Z-786d09d6609a,prequential,wesad,5,69,0.0
labels.fraction=0.2,2,20261005T101016Z-786d09d6609a,prequential,wesad,6,33,0.0
labels.fraction=0.2,2,20261005T101016Z-786d09d6609a,prequential_labelled,swell,3,31,0.5
labels.fraction=0.2,2,20261005T101016Z-786d09d6609a,prequential_labelled,swell,4,27,0.5
labels.fraction=0.2,2,20261005T101016Z-786d09d6609a,prequential_labelled,swell,5,34,0.5
labels.fraction=0.2,2,20261005T101016Z-786d09d6609a,prequential_labelled,swell,6,4,0.5
labels.fraction=0.2,2,20261005T101016Z-786d09d6609a,prequential_labelled,swell,7,12,0.0
labels.fraction=0.2,2,20261005T101016Z-786d09d6609a,prequential_labelled,swell,8,27,0.0
labels.fraction=0.2,2,20261005T101016Z-786d09d6609a,prequential_labelled,swell,9,36,0.076923
labels.fraction=0.2,2,20261005T101016Z-786d09d6609a,prequential_labelled,swell,10,30,0.5
labels.fraction=0.2,2,20261005T101016Z-786d09d6609a,prequential_labelled,swell,11,23,0.5
labels.fraction=0.2,2,20261005T101016Z-786d09d6609a,prequential_labelled,swell,12,17,0.5
labels.fraction=0.2,2,20261005T101016Z-786d09d6609a,prequential_labelled,swell,13,21,0.5
labels.fraction=0.2,2,20261005T101016Z-786d09d6609a,prequential_labelled,swell,14,30,0.5
labels.fraction=0.2,2,20261005T101016Z-786d09d6609a,prequential_labelled,swell,15,45,0.5
labels.fraction=0.2,2,20261005T101016Z-786d09d6609a,prequential_labelled,swell,16,26,0.5
labels.fraction=0.2,2,20261005T101016Z-786d09d6609a,prequential_labelled,swell,17,18,0.5
labels.fraction=0.2,2,20261005T101016Z-786d09d6609a,prequential_labelled,wesad,4,14,0.0
labels.fraction=0.2,2,20261005T101016Z-786d09d6609a,prequential_labelled,wesad,5,1,0.0
labels.fraction=0.2,2,20261005T101016Z-786d09d6609a,prequential_labelled,wesad,6,14,0.0
labels.fraction=0.2,2,20261005T101016Z-786d09d6609a,prequential_labelled,wesad,7,6,0.0
labels.fraction=1.0,0,20261005T100951Z-1e307bf4a1dd,prequential,swell,2,180,0.457831
labels.fraction=1.0,0,20261005T100951Z-1e307bf4a1dd,prequential,swell,3,180,0.5
labels.fraction=1.0,0,20261005T100951Z-1e307bf4a1dd,prequential,swell,4,170,0.5
labels.fraction=1.0,0,20261005T100951Z-1e307bf4a1dd,prequential,swell,5,22,0.5
labels.fraction=1.0,0,20261005T100951Z-1e307bf4a1dd,prequential,swell,6,60,0.0
labels.fraction=1.0,0,20261005T100951Z-1e307bf4a1dd,prequential,swell,7,135,0.0
labels.fraction=1.0,0,20261005T100951Z-1e307bf4a1dd,prequential,swell,8,175,0.069149
labels.fraction=1.0,0,20261005T100951Z-1e307bf4a1dd,prequential,swell,9,169,0.490964
labels.fraction=1.0,0,20261005T100951Z-1e307bf4a1dd,prequential,swell,10,99,0.5
labels.fraction=1.0,0,20261005T100951Z-1e307bf4a1dd,prequential,swell,11,76,0.5
labels.fraction=1.0,0,20261005T100951Z-1e307bf4a1dd,prequential,swell,12,110,0.5
labels.fraction=1.0,0,20261005T100951Z-1e307bf4a1dd,prequential,swell,13,148,0.5
labels.fraction=1.0,0,20261005T100951Z-1e307bf4a1dd,prequential,swell,14,164,0.5
labels.fraction=1.0,0,20261005T100951Z-1e307bf4a1dd,prequential,swell,15,154,0.5
labels.fraction=1.0,0,20261005T100951Z-1e307bf4a1dd,prequential,swell,16,94,0.5
labels.fraction=1.0,0,20261005T100951Z-1e307bf4a1dd,prequential,swell,17,23,0.5
labels.fraction=1.0,0,20261005T100951Z-1e307bf4a1dd,prequential,wesad,2,1,0.0
labels.fraction=1.0,0,20261005T100951Z-1e307bf4a1dd,prequential,wesad,3,88,0.0
labels.fraction=1.0,0,20261005T100951Z-1e307bf4a1dd,prequential,wesad,4,10,0.0
labels.fraction=1.0,0,20261005T100951Z-1e307bf4a1dd,prequential,wesad,5,69,0.0
labels.fraction=1.0,0,20261005T100951Z-1e307bf4a1dd,prequential,wesad,6,33,0.0
labels.fraction=1.0,0,20261005T100951Z-1e307bf4a1dd,prequential_labelled,swell,3,180,0.457831
labels.fraction=1.0,0,20261005T100951Z-1e307bf4a1dd,prequential_labelled,swell,4,180,0.5
labels.fraction=1.0,0,20261005T100951Z-1e307bf4a1dd,prequential_labelled,swell,5,170,0.5
labels.fraction=1.0,0,20261005T100951Z-1e307bf4a1dd,prequential_labelled,swell,6,22,0.5
labels.fraction=1.0,0,20261005T100951Z-1e307bf4a1dd,prequential_labelled,swell,7,60,0.0
labels.fraction=1.0,0,20261005T100951Z-1e307bf4a1dd,prequential_labelled,swell,8,135,0.0
labels.fraction=1.0,0,20261005T100951Z-1e307bf4a1dd,prequential_labelled,swell,9,175,0.069149
labels.fraction=1.0,0,20261005T100951Z-1e307bf4a1dd,prequential_labelled,swell,10,169,0.490964
labels.fraction=1.0,0,20261005T100951Z-1e307bf4a1dd,prequential_labelled,swell,11,99,0.5
labels.fraction=1.0,0,20261005T100951Z-1e307bf4a1dd,prequential_labelled,swell,12,76,0.5
labels.fraction=1.0,0,20261005T100951Z-1e307bf4a1dd,prequential_labelled,swell,13,110,0.5
labels.fraction=1.0,0,20261005T100951Z-1e307bf4a1dd,prequential_labelled,swell,14,148,0.5
labels.fraction=1.0,0,20261005T100951Z-1e307bf4a1dd,prequential_labelled,swell,15,164,0.5
labels.fraction=1.0,0,20261005T100951Z-1e307bf4a1dd,prequential_labelled,swell,16,154,0.5
labels.fraction=1.0,0,20261005T100951Z-1e307bf4a1dd,prequential_labelled,swell,17,94,0.5
labels.fraction=1.0,0,20261005T100951Z-1e307bf4a1dd,prequential_labelled,wesad,3,1,0.0
labels.fraction=1.0,0,20261005T100951Z-1e307bf4a1dd,prequential_labelled,wesad,4,88,0.0
labels.fraction=1.0,0,20261005T100951Z-1e307bf4a1dd,prequential_labelled,wesad,5,10,0.0
labels.fraction=1.0,0,20261005T100951Z-1e307bf4a1dd,prequential_labelled,wesad,6,69,0.0
labels.fraction=1.0,0,20261005T100951Z-1e307bf4a1dd,prequential_labelled,wesad,7,33,0.0
labels.fraction=1.0,1,20261005T100951Z-93b5888a540f,prequential,swell,2,180,0.397993
labels.fraction=1.0,1,20261005T100951Z-93b5888a540f,prequential,swell,3,180,0.5
labels.fraction=1.0,1,20261005T100951Z-93b5888a540f,prequential,swell,4,170,0.5
labels.fraction=1.0,1,20261005T100951Z-93b5888a540f,prequential,swell,5,22,0.5
labels.fraction=1.0,1,20261005T100951Z-93b5888a540f,prequential,swell,6,60,0.0
labels.fraction=1.0,1,20261005T100951Z-93b5888a540f,prequential,swell,7,135,0.0
labels.fraction=1.0,1,20261005T100951Z-93b5888a540f,prequential,swell,8,175,0.027778
labels.fraction=1.0,1,20261005T100951Z-93b5888a540f,prequential,swell,9,169,0.5
labels.fraction=1.0,1,20261005T100951Z-93b5888a540f,prequential,swell,10,99,0.5
labels.fraction=1.0,1,20261005T100951Z-93b5888a540f,prequential,swell,11,76,0.5
labels.fraction=1.0,1,20261005T100951Z-93b5888a540f,prequential,swell,12,110,0.5
labels.fraction=1.0,1,20261005T100951Z-93b5888a540f,prequential,swell,13,148,0.5
labels.fraction=1.0,1,20261005T100951Z-93b5888a540f,prequential,swell,14,164,0.5
labels.fraction=1.0,1,20261005T100951Z-93b5888a540f,prequential,swell,15,154,0.5
labels.fraction=1.0,1,20261005T100951Z-93b5888a540f,prequential,swell,16,94,0.5
labels.fraction=1.0,1,20261005T100951Z-93b5888a540f,prequential,swell,17,23,0.5
labels.fraction=1.0,1,20261005T100951Z-93b5888a540f,prequential,wesad,2,1,0.0
labels.fraction=1.0,1,20261005T100951Z-93b5888a540f,prequential,wesad,3,88,0.0
labels.fraction=1.0,1,20261005T100951Z-93b5888a540f,prequential,wesad,4,10,0.0
labels.fraction=1.0,1,20261005T100951Z-93b5888a540f,prequential,wesad,5,69,0.0
labels.fraction=1.0,1,20261005T100951Z-93b5888a540f,prequential,wesad,6,33,0.0
labels.fraction=1.0,1,20261005T100951Z-93b5888a540f,prequential_labelled,swell,3,180,0.397993
labels.fraction=1.0,1,20261005T100951Z-93b5888a540f,prequential_labelled,swell,4,180,0.5
labels.fraction=1.0,1,20261005T100951Z-93b5888a540f,prequential_labelled,swell,5,170,0.5
labels.fraction=1.0,1,20261005T100951Z-93b5888a540f,prequential_labelled,swell,6,22,0.5
labels.fraction=1.0,1,20261005T100951Z-93b5888a540f,prequential_labelled,swell,7,60,0.0
labels.fraction=1.0,1,20261005T100951Z-93b5888a540f,prequential_labelled,swell,8,135,0.0
labels.fraction=1.0,1,20261005T100951Z-93b5888a540f,prequential_labelled,swell,9,175,0.027778
labels.fraction=1.0,1,20261005T100951Z-93b5888a540f,prequential_labelled,swell,10,169,0.5
labels.fraction=1.0,1,20261005T100951Z-93b5888a540f,prequential_labelled,swell,11,99,0.5
labels.fraction=1.0,1,20261005T100951Z-93b5888a540f,prequential_labelled,swell,12,76,0.5
labels.fraction=1.0,1,20261005T100951Z-93b5888a540f,prequential_labelled,swell,13,110,0.5
labels.fraction=1.0,1,20261005T100951Z-93b5888a540f,prequential_labelled,swell,14,148,0.5
labels.fraction=1.0,1,20261005T100951Z-93b5888a540f,prequential_labelled,swell,15,164,0.5
labels.fraction=1.0,1,20261005T100951Z-93b5888a540f,prequential_labelled,swell,16,154,0.5
labels.fraction=1.0,1,20261005T100951Z-93b5888a540f,prequential_labelled,swell,17,94,0.5
labels.fraction=1.0,1,20261005T100951Z-93b5888a540f,prequential_labelled,wesad,3,1,0.0
labels.fraction=1.0,1,20261005T100951Z-93b5888a540f,prequential_labelled,wesad,4,88,0.0
labels.fraction=1.0,1,20261005T100951Z-93b5888a540f,prequential_labelled,wesad,5,10,0.0
labels.fraction=1.0,1,20261005T100951Z-93b5888a540f,prequential_labelled,wesad,6,69,0.0
labels.fraction=1.0,1,20261005T100951Z-93b5888a540f,prequential_labelled,wesad,7,33,0.0
labels.fraction=1.0,2,20261005T100951Z-9ad6ef14a4df,prequential,swell,2,180,0.497207
labels.fraction=1.0,2,20261005T100951Z-9ad6ef14a4df,prequential,swell,3,180,0.5
labels.fraction=1.0,2,20261005T100951Z-9ad6ef14a4df,prequential,swell,4,170,0.5
labels.fraction=1.0,2,20261005T100951Z-9ad6ef14a4df,prequential,swell,5,22,0.5
labels.fraction=1.0,2,20261005T100951Z-9ad6ef14a4df,prequential,swell,6,60,0.0
labels.fraction=1.0,2,20261005T100951Z-9ad6ef14a4df,prequential,swell,7,135,0.0
labels.fraction=1.0,2,20261005T100951Z-9ad6ef14a4df,prequential,swell,8,175,0.022346
labels.fraction=1.0,2,20261005T100951Z-9ad6ef14a4df,prequential,swell,9,169,0.5
labels.fraction=1.0,2,20261005T100951Z-9ad6ef14a4df,prequential,swell,10,99,0.5
labels.fraction=1.0,2,20261005T100951Z-9ad6ef14a4df,prequential,swell,11,76,0.5
labels.fraction=1.0,2,20261005T100951Z-9ad6ef14a4df,prequential,swell,12,110,0.5
labels.fraction=1.0,2,20261005T100951Z-9ad6ef14a4df,prequential,swell,13,148,0.5
labels.fraction=1.0,2,20261005T100951Z-9ad6ef14a4df,prequential,swell,14,164,0.5
labels.fraction=1.0,2,20261005T100951Z-9ad6ef14a4df,prequential,swell,15,154,0.5
labels.fraction=1.0,2,20261005T100951Z-9ad6ef14a4df,prequential,swell,16,94,0.5
labels.fraction=1.0,2,20261005T100951Z-9ad6ef14a4df,prequential,swell,17,23,0.5
labels.fraction=1.0,2,20261005T100951Z-9ad6ef14a4df,prequential,wesad,2,1,0.0
labels.fraction=1.0,2,20261005T100951Z-9ad6ef14a4df,prequential,wesad,3,88,0.0
labels.fraction=1.0,2,20261005T100951Z-9ad6ef14a4df,prequential,wesad,4,10,0.0
labels.fraction=1.0,2,20261005T100951Z-9ad6ef14a4df,prequential,wesad,5,69,0.0
labels.fraction=1.0,2,20261005T100951Z-9ad6ef14a4df,prequential,wesad,6,33,0.0
labels.fraction=1.0,2,20261005T100951Z-9ad6ef14a4df,prequential_labelled,swell,3,180,0.497207
labels.fraction=1.0,2,20261005T100951Z-9ad6ef14a4df,prequential_labelled,swell,4,180,0.5
labels.fraction=1.0,2,20261005T100951Z-9ad6ef14a4df,prequential_labelled,swell,5,170,0.5
labels.fraction=1.0,2,20261005T100951Z-9ad6ef14a4df,prequential_labelled,swell,6,22,0.5
labels.fraction=1.0,2,20261005T100951Z-9ad6ef14a4df,prequential_labelled,swell,7,60,0.0
labels.fraction=1.0,2,20261005T100951Z-9ad6ef14a4df,prequential_labelled,swell,8,135,0.0
labels.fraction=1.0,2,20261005T100951Z-9ad6ef14a4df,prequential_labelled,swell,9,175,0.022346
labels.fraction=1.0,2,20261005T100951Z-9ad6ef14a4df,prequential_labelled,swell,10,169,0.5
labels.fraction=1.0,2,20261005T100951Z-9ad6ef14a4df,prequential_labelled,swell,11,99,0.5
labels.fraction=1.0,2,20261005T100951Z-9ad6ef14a4df,prequential_labelled,swell,12,76,0.5
labels.fraction=1.0,2,20261005T100951Z-9ad6ef14a4df,prequential_labelled,swell,13,110,0.5
labels.fraction=1.0,2,20261005T100951Z-9ad6ef14a4df,prequential_labelled,swell,14,148,0.5
labels.fraction=1.0,2,20261005T100951Z-9ad6ef14a4df,prequential_labelled,swell,15,164,0.5
labels.fraction=1.0,2,20261005T100951Z-9ad6ef14a4df,prequential_labelled,swell,16,154,0.5
labels.fraction=1.0,2,20261005T100951Z-9ad6ef14a4df,prequential_labelled,swell,17,94,0.5
labels.fraction=1.0,2,20261005T100951Z-9ad6ef14a4df,prequential_labelled,wesad,3,1,0.0
labels.fraction=1.0,2,20261005T100951Z-9ad6ef14a4df,prequential_labelled,wesad,4,88,0.0
labels.fraction=1.0,2,20261005T100951Z-9ad6ef14a4df,prequential_labelled,wesad,5,10,0.0
labels.fraction=1.0,2,20261005T100951Z-9ad6ef14a4df,prequential_labelled,wesad,6,69,0.0
labels.fraction=1.0,2,20261005T100951Z-9ad6ef14a4df,prequential_labelled,wesad,7,33,0.0
