scenario,seed,run_id,dataset,round,arrived,history,labelled_on_arrival,late_labels
labels.fraction=0.2,0,20261005T101015Z-6054809f18b8,swell,1,296,278,28,0
labels.fraction=0.2,0,20261005T101015Z-6054809f18b8,swell,2,180,0,0,34
labels.fraction=0.2,0,20261005T101015Z-6054809f18b8,swell,3,180,0,0,35
labels.fraction=0.2,0,20261005T101015Z-6054809f18b8,swell,4,170,0,0,35
labels.fraction=0.2,0,20261005T101015Z-6054809f18b8,swell,5,22,0,0,30
labels.fraction=0.2,0,20261005T101015Z-6054809f18b8,swell,6,60,0,0,3
labels.fraction=0.2,0,20261005T101015Z-6054809f18b8,swell,7,135,0,0,14
labels.fraction=0.2,0,20261005T101015Z-6054809f18b8,swell,8,175,0,0,38
labels.fraction=0.2,0,20261005T101015Z-6054809f18b8,swell,9,169,0,0,35
labels.fraction=0.2,0,20261005T101015Z-6054809f18b8,swell,10,99,0,0,33
labels.fraction=0.2,0,20261005T101015Z-6054809f18b8,swell,11,76,0,0,24
labels.fraction=0.2,0,20261005T101015Z-6054809f18b8,swell,12,110,0,0,14
labels.fraction=0.2,0,20261005T101015Z-6054809f18b8,swell,13,148,0,0,23
labels.fraction=0.2,0,20261005T101015Z-6054809f18b8,swell,14,164,0,0,25
labels.fraction=0.2,0,20261005T101015Z-6054809f18b8,swell,15,154,0,0,33
labels.fraction=0.2,0,20261005T101015Z-6054809f18b8,swell,16,94,0,0,26
labels.fraction=0.2,0,20261005T101015Z-6054809f18b8,swell,17,23,0,0,17
labels.fraction=0.2,0,20261005T101015Z-6054809f18b8,wesad,1,371,371,33,0
labels.fraction=0.2,0,20261005T101015Z-6054809f18b8,wesad,2,1,0,0,36
labels.fraction=0.2,0,20261005T101015Z-6054809f18b8,wesad,3,88,0,0,0
labels.fraction=0.2,0,20261005T101015Z-6054809f18b8,wesad,4,10,0,0,14
labels.fraction=0.2,0,20261005T101015Z-6054809f18b8,wesad,5,69,0,0,4
labels.fraction=0.2,0,20261005T101015Z-6054809f18b8,wesad,6,33,0,0,22
labels.fraction=0.2,0,20261005T101015Z-6054809f18b8,wesad,7,0,0,0,6
labels.fraction=0.2,0,20261005T101015Z-6054809f18b8,wesad,8,0,0,0,0
labels.fraction=0.2,0,20261005T101015Z-6054809f18b8,wesad,9,0,0,0,0
labels.fraction=0.2,0,20261005T101015Z-6054809f18b8,wesad,10,0,0,0,0
labels.fraction=0.2,0,20261005T101015Z-6054809f18b8,wesad,11,0,0,0,0
labels.fraction=0.2,0,20261005T101015Z-6054809f18b8,wesad,12,0,0,0,0
labels.fraction=0.2,0,20261005T101015Z-6054809f18b8,wesad,13,0,0,0,0
labels.fraction=0.2,0,20261005T101015Z-6054809f18b8,wesad,14,0,0,0,0
labels.fraction=0.2,0,20261005T101015Z-6054809f18b8,wesad,15,0,0,0,0
labels.fraction=0.2,0,20261005T101015Z-6054809f18b8,wesad,16,0,0,0,0
labels.fraction=0.2,0,20261005T101015Z-6054809f18b8,wesad,17,0,0,0,0
labels.fraction=0.2,1,20261005T101015Z-d7b9424dad92,swell,1,296,278,21,0
labels.fraction=0.2,1,20261005T101015Z-d7b9424dad92,swell,2,180,0,0,39
labels.fraction=0.2,1,20261005T101015Z-d7b9424dad92,swell,3,180,0,0,39
labels.fraction=0.2,1,20261005T101015Z-d7b9424dad92,swell,4,170,0,0,27
labels.fraction=0.2,1,20261005T101015Z-d7b9424dad92,swell,5,22,0,0,36
labels.fraction=0.2,1,20261005T101015Z-d7b9424dad92,swell,6,60,0,0,4
labels.fraction=0.2,1,20261005T101015Z-d7b9424dad92,swell,7,135,0,0,14
labels.fraction=0.2,1,20261005T101015Z-d7b9424dad92,swell,8,175,0,0,24
labels.fraction=0.2,1,20261005T101015Z-d7b9424dad92,swell,9,169,0,0,35
labels.fraction=0.2,1,20261005T101015Z-d7b9424dad92,swell,10,99,0,0,28
labels.fraction=0.2,1,20261005T101015Z-d7b9424dad92,swell,11,76,0,0,17
labels.fraction=0.2,1,20261005T101015Z-d7b9424dad92,swell,12,110,0,0,15
labels.fraction=0.2,1,20261005T101015Z-d7b9424dad92,swell,13,148,0,0,19
labels.fraction=0.2,1,20261005T101015Z-d7b9424dad92,swell,14,164,0,0,31
labels.fraction=0.2,1,20261005T101015Z-d7b9424dad92,swell,15,154,0,0,41
labels.fraction=0.2,1,20261005T101015Z-d7b9424dad92,swell,16,94,0,0,33
labels.fraction=0.2,1,20261005T101015Z-d7b9424dad92,swell,17,23,0,0,21
labels.fraction=0.2,1,20261005T101015Z-d7b9424dad92,wesad,1,371,371,42,0
labels.fraction=0.2,1,20261005T101015Z-d7b9424dad92,wesad,2,1,0,0,35
labels.fraction=0.2,1,20261005T101015Z-d7b9424dad92,wesad,3,88,0,0,0
labels.fraction=0.2,1,20261005T101015Z-d7b9424dad92,wesad,4,10,0,0,15
labels.fraction=0.2,1,20261005T101015Z-d7b9424dad92,wesad,5,69,0,0,2
labels.fraction=0.2,1,20261005T101015Z-d7b9424dad92,wesad,6,33,0,0,14
labels.fraction=0.2,1,20261005T101015Z-d7b9424dad92,wesad,7,0,0,0,7
labels.fraction=0.2,1,20261005T101015Z-d7b9424dad92,wesad,8,0,0,0,0
labels.fraction=0.2,1,20261005T101015Z-d7b9424dad92,wesad,9,0,0,0,0
labels.fraction=0.2,1,20261005T101015Z-d7b9424dad92,wesad,10,0,0,0,0
labels.fraction=0.2,1,20261005T101015Z-d7b9424dad92,wesad,11,0,0,0,0
labels.fraction=0.2,1,20261005T101015Z-d7b9424dad92,wesad,12,0,0,0,0
labels.fraction=0.2,1,20261005T101015Z-d7b9424dad92,wesad,13,0,0,0,0
labels.fraction=0.2,1,20261005T101015Z-d7b9424dad92,wesad,14,0,0,0,0
labels.fraction=0.2,1,20261005T101015Z-d7b9424dad92,wesad,15,0,0,0,0
labels.fraction=0.2,1,20261005T101015Z-d7b9424dad92,wesad,16,0,0,0,0
labels.fraction=0.2,1,20261005T101015Z-d7b9424dad92,wesad,17,0,0,0,0
labels.fraction=0.2,2,20261005T101016Z-786d09d6609a,swell,1,296,278,28,0
labels.fraction=0.2,2,20261005T101016Z-786d09d6609a,swell,2,180,0,0,36
labels.fraction=0.2,2,20261005T101016Z-786d09d6609a,swell,3,180,0,0,31
labels.fraction=0.2,2,20261005T101016Z-786d09d6609a,swell,4,170,0,0,27
labels.fraction=0.2,2,20261005T101016Z-786d09d6609a,swell,5,22,0,0,34
labels.fraction=0.2,2,20261005T101016Z-786d09d6609a,swell,6,60,0,0,4
labels.fraction=0.2,2,20261005T101016Z-786d09d6609a,swell,7,135,0,0,12
labels.fraction=0.2,2,20261005T101016Z-786d09d6609a,swell,8,175,0,0,27
labels.fraction=0.2,2,20261005T101016Z-786d09d6609a,swell,9,169,0,0,36
labels.fraction=0.2,2,20261005T101016Z-786d09d6609a,swell,10,99,0,0,30
labels.fraction=0.2,2,20261005T101016Z-786d09d6609a,swell,11,76,0,0,23
labels.fraction=0.2,2,20261005T101016Z-786d09d6609a,swell,12,110,0,0,17
labels.fraction=0.2,2,20261005T101016Z-786d09d6609a,swell,13,148,0,0,21
labels.fraction=0.2,2,20261005T101016Z-786d09d6609a,swell,14,164,0,0,30
labels.fraction=0.2,2,20261005T101016Z-786d09d6609a,swell,15,154,0,0,45
labels.fraction=0.2,2,20261005T101016Z-786d09d6609a,swell,16,94,0,0,26
labels.fraction=0.2,2,20261005T101016Z-786d09d6609a,swell,17,23,0,0,18
labels.fraction=0.2,2,20261005T101016Z-786d09d6609a,wesad,1,371,371,45,0
labels.fraction=0.2,2,20261005T101016Z-786d09d6609a,wesad,2,1,0,0,35
labels.fraction=0.2,2,20261005T101016Z-786d09d6609a,wesad,3,88,0,0,0
labels.fraction=0.2,2,20261005T101016Z-786d09d6609a,wesad,4,10,0,0,14
labels.fraction=0.2,2,20261005T101016Z-786d09d6609a,wesad,5,69,0,0,1
labels.fraction=0.2,2,20261005T101016Z-786d09d6609a,wesad,6,33,0,0,14
labels.fraction=0.2,2,20261005T101016Z-786d09d6609a,wesad,7,0,0,0,6
labels.fraction=0.2,2,20261005T101016Z-786d09d6609a,wesad,8,0,0,0,0
labels.fraction=0.2,2,20261005T101016Z-786d09d6609a,wesad,9,0,0,0,0
labels.fraction=0.2,2,20261005T101016Z-786d09d6609a,wesad,10,0,0,0,0
labels.fraction=0.2,2,20261005T101016Z-786d09d6609a,wesad,11,0,0,0,0
labels.fraction=0.2,2,20261005T101016Z-786d09d6609a,wesad,12,0,0,0,0
labels.fraction=0.2,2,20261005T101016Z-786d09d6609a,wesad,13,0,0,0,0
labels.fraction=0.2,2,20261005T101016Z-786d09d6609a,wesad,14,0,0,0,0
labels.fraction=0.2,2,20261005T101016Z-786d09d6609a,wesad,15,0,0,0,0
labels.fraction=0.2,2,20261005T101016Z-786d09d6609a,wesad,16,0,0,0,0
labels.fraction=0.2,2,20261005T101016Z-786d09d6609a,wesad,17,0,0,0,0
labels.fraction=1.0,0,20261005T100951Z-1e307bf4a1dd,swell,1,296,278,122,0
labels.fraction=1.0,0,20261005T100951Z-1e307bf4a1dd,swell,2,180,0,0,174
labels.fraction=1.0,0,20261005T100951Z-1e307bf4a1dd,swell,3,180,0,0,180
labels.fraction=1.0,0,20261005T100951Z-1e307bf4a1dd,swell,4,170,0,0,180
labels.fraction=1.0,0,20261005T100951Z-1e307bf4a1dd,swell,5,22,0,0,170
labels.fraction=1.0,0,20261005T100951Z-1e307bf4a1dd,swell,6,60,0,0,22
labels.fraction=1.0,0,20261005T100951Z-1e307bf4a1dd,swell,7,135,0,0,60
labels.fraction=1.0,0,20261005T100951Z-1e307bf4a1dd,swell,8,175,0,0,135
labels.fraction=1.0,0,20261005T100951Z-1e307bf4a1dd,swell,9,169,0,0,175
labels.fraction=1.0,0,20261005T100951Z-1e307bf4a1dd,swell,10,99,0,0,169
labels.fraction=1.0,0,20261005T100951Z-1e307bf4a1dd,swell,11,76,0,0,99
labels.fraction=1.0,0,20261005T100951Z-1e307bf4a1dd,swell,12,110,0,0,76
labels.fraction=1.0,0,20261005T100951Z-1e307bf4a1dd,swell,13,148,0,0,110
labels.fraction=1.0,0,20261005T100951Z-1e307bf4a1dd,swell,14,164,0,0,148
labels.fraction=1.0,0,20261005T100951Z-1e307bf4a1dd,swell,15,154,0,0,164
labels.fraction=1.0,0,20261005T100951Z-1e307bf4a1dd,swell,16,94,0,0,154
labels.fraction=1.0,0,20261005T100951Z-1e307bf4a1dd,swell,17,23,0,0,94
labels.fraction=1.0,0,20261005T100951Z-1e307bf4a1dd,wesad,1,371,371,210,0
labels.fraction=1.0,0,20261005T100951Z-1e307bf4a1dd,wesad,2,1,0,0,161
labels.fraction=1.0,0,20261005T100951Z-1e307bf4a1dd,wesad,3,88,0,0,1
labels.fraction=1.0,0,20261005T100951Z-1e307bf4a1dd,wesad,4,10,0,0,88
labels.fraction=1.0,0,20261005T100951Z-1e307bf4a1dd,wesad,5,69,0,0,10
labels.fraction=1.0,0,20261005T100951Z-1e307bf4a1dd,wesad,6,33,0,0,69
labels.fraction=1.0,0,20261005T100951Z-1e307bf4a1dd,wesad,7,0,0,0,33
labels.fraction=1.0,0,20261005T100951Z-1e307bf4a1dd,wesad,8,0,0,0,0
labels.fraction=1.0,0,20261005T100951Z-1e307bf4a1dd,wesad,9,0,0,0,0
labels.fraction=1.0,0,20261005T100951Z-1e307bf4a1dd,wesad,10,0,0,0,0
labels.fraction=1.0,0,20261005T100951Z-1e307bf4a1dd,wesad,11,0,0,0,0
labels.fraction=1.0,0,20261005T100951Z-1e307bf4a1dd,wesad,12,0,0,0,0
labels.fraction=1.0,0,20261005T100951Z-1e307bf4a1dd,wesad,13,0,0,0,0
labels.fraction=1.0,0,20261005T100951Z-1e307bf4a1dd,wesad,14,0,0,0,0
labels.fraction=1.0,0,20261005T100951Z-1e307bf4a1dd,wesad,15,0,0,0,0
labels.fraction=1.0,0,20261005T100951Z-1e307bf4a1dd,wesad,16,0,0,0,0
labels.fraction=1.0,0,20261005T100951Z-1e307bf4a1dd,wesad,17,0,0,0,0
labels.fraction=1.0,1,20261005T100951Z-93b5888a540f,swell,1,296,278,122,0
labels.fraction=1.0,1,20261005T100951Z-93b5888a540f,swell,2,180,0,0,174
labels.fraction=1.0,1,20261005T100951Z-93b5888a540f,swell,3,180,0,0,180
labels.fraction=1.0,1,20261005T100951Z-93b5888a540f,swell,4,170,0,0,180
labels.fraction=1.0,1,20261005T100951Z-93b5888a540f,swell,5,22,0,0,170
labels.fraction=1.0,1,20261005T100951Z-93b5888a540f,swell,6,60,0,0,22
labels.fraction=1.0,1,20261005T100951Z-93b5888a540f,swell,7,135,0,0,60
labels.fraction=1.0,1,20261005T100951Z-93b5888a540f,swell,8,175,0,0,135
labels.fraction=1.0,1,20261005T100951Z-93b5888a540f,swell,9,169,0,0,175
labels.fraction=1.0,1,20261005T100951Z-93b5888a540f,swell,10,99,0,0,169
labels.fraction=1.0,1,20261005T100951Z-93b5888a540f,swell,11,76,0,0,99
labels.fraction=1.0,1,20261005T100951Z-93b5888a540f,swell,12,110,0,0,76
labels.fraction=1.0,1,20261005T100951Z-93b5888a540f,swell,13,148,0,0,110
labels.fraction=1.0,1,20261005T100951Z-93b5888a540f,swell,14,164,0,0,148
labels.fraction=1.0,1,20261005T100951Z-93b5888a540f,swell,15,154,0,0,164
labels.fraction=1.0,1,20261005T100951Z-93b5888a540f,swell,16,94,0,0,154
labels.fraction=1.0,1,20261005T100951Z-93b5888a540f,swell,17,23,0,0,94
labels.fraction=1.0,1,20261005T100951Z-93b5888a540f,wesad,1,371,371,210,0
labels.fraction=1.0,1,20261005T100951Z-93b5888a540f,wesad,2,1,0,0,161
labels.fraction=1.0,1,20261005T100951Z-93b5888a540f,wesad,3,88,0,0,1
labels.fraction=1.0,1,20261005T100951Z-93b5888a540f,wesad,4,10,0,0,88
labels.fraction=1.0,1,20261005T100951Z-93b5888a540f,wesad,5,69,0,0,10
labels.fraction=1.0,1,20261005T100951Z-93b5888a540f,wesad,6,33,0,0,69
labels.fraction=1.0,1,20261005T100951Z-93b5888a540f,wesad,7,0,0,0,33
labels.fraction=1.0,1,20261005T100951Z-93b5888a540f,wesad,8,0,0,0,0
labels.fraction=1.0,1,20261005T100951Z-93b5888a540f,wesad,9,0,0,0,0
labels.fraction=1.0,1,20261005T100951Z-93b5888a540f,wesad,10,0,0,0,0
labels.fraction=1.0,1,20261005T100951Z-93b5888a540f,wesad,11,0,0,0,0
labels.fraction=1.0,1,20261005T100951Z-93b5888a540f,wesad,12,0,0,0,0
labels.fraction=1.0,1,20261005T100951Z-93b5888a540f,wesad,13,0,0,0,0
labels.fraction=1.0,1,20261005T100951Z-93b5888a540f,wesad,14,0,0,0,0
labels.fraction=1.0,1,20261005T100951Z-93b5888a540f,wesad,15,0,0,0,0
labels.fraction=1.0,1,20261005T100951Z-93b5888a540f,wesad,16,0,0,0,0
labels.fraction=1.0,1,20261005T100951Z-93b5888a540f,wesad,17,0,0,0,0
labels.fraction=1.0,2,20261005T100951Z-9ad6ef14a4df,swell,1,296,278,122,0
labels.fraction=1.0,2,20261005T100951Z-9ad6ef14a4df,swell,2,180,0,0,174
labels.fraction=1.0,2,20261005T100951Z-9ad6ef14a4df,swell,3,180,0,0,180
labels.fraction=1.0,2,20261005T100951Z-9ad6ef14a4df,swell,4,170,0,0,180
labels.fraction=1.0,2,20261005T100951Z-9ad6ef14a4df,swell,5,22,0,0,170
labels.fraction=1.0,2,20261005T100951Z-9ad6ef14a4df,swell,6,60,0,0,22
labels.fraction=1.0,2,20261005T100951Z-9ad6ef14a4df,swell,7,135,0,0,60
labels.fraction=1.0,2,20261005T100951Z-9ad6ef14a4df,swell,8,175,0,0,135
labels.fraction=1.0,2,20261005T100951Z-9ad6ef14a4df,swell,9,169,0,0,175
labels.fraction=1.0,2,20261005T100951Z-9ad6ef14a4df,swell,10,99,0,0,169
labels.fraction=1.0,2,20261005T100951Z-9ad6ef14a4df,swell,11,76,0,0,99
labels.fraction=1.0,2,20261005T100951Z-9ad6ef14a4df,swell,12,110,0,0,76
labels.fraction=1.0,2,20261005T100951Z-9ad6ef14a4df,swell,13,148,0,0,110
labels.fraction=1.0,2,20261005T100951Z-9ad6ef14a4df,swell,14,164,0,0,148
labels.fraction=1.0,2,20261005T100951Z-9ad6ef14a4df,swell,15,154,0,0,164
labels.fraction=1.0,2,20261005T100951Z-9ad6ef14a4df,swell,16,94,0,0,154
labels.fraction=1.0,2,20261005T100951Z-9ad6ef14a4df,swell,17,23,0,0,94
labels.fraction=1.0,2,20261005T100951Z-9ad6ef14a4df,wesad,1,371,371,210,0
labels.fraction=1.0,2,20261005T100951Z-9ad6ef14a4df,wesad,2,1,0,0,161
labels.fraction=1.0,2,20261005T100951Z-9ad6ef14a4df,wesad,3,88,0,0,1
labels.fraction=1.0,2,20261005T100951Z-9ad6ef14a4df,wesad,4,10,0,0,88
labels.fraction=1.0,2,20261005T100951Z-9ad6ef14a4df,wesad,5,69,0,0,10
labels.fraction=1.0,2,20261005T100951Z-9ad6ef14a4df,wesad,6,33,0,0,69
labels.fraction=1.0,2,20261005T100951Z-9ad6ef14a4df,wesad,7,0,0,0,33
labels.fraction=1.0,2,20261005T100951Z-9ad6ef14a4df,wesad,8,0,0,0,0
labels.fraction=1.0,2,20261005T100951Z-9ad6ef14a4df,wesad,9,0,0,0,0
labels.fraction=1.0,2,20261005T100951Z-9ad6ef14a4df,wesad,10,0,0,0,0
labels.fraction=1.0,2,20261005T100951Z-9ad6ef14a4df,wesad,11,0,0,0,0
labels.fraction=1.0,2,20261005T100951Z-9ad6ef14a4df,wesad,12,0,0,0,0
labels.fraction=1.0,2,20261005T100951Z-9ad6ef14a4df,wesad,13,0,0,0,0
labels.fraction=1.0,2,20261005T100951Z-9ad6ef14a4df,wesad,14,0,0,0,0
labels.fraction=1.0,2,20261005T100951Z-9ad6ef14a4df,wesad,15,0,0,0,0
labels.fraction=1.0,2,20261005T100951Z-9ad6ef14a4df,wesad,16,0,0,0,0
labels.fraction=1.0,2,20261005T100951Z-9ad6ef14a4df,wesad,17,0,0,0,0
