run_id,scenario,seed,global_swell_macro_f1,global_wesad_macro_f1,quorum_failed,trunk_alignment
20261003T123655Z-024fdfac0dad,standard,1,0.594348,0.750588,10,0.143661
20261003T123655Z-36e18f665752,standard,0,0.569091,0.744406,11,0.19874
20261003T123655Z-bd62470f3900,standard,2,0.572315,0.750588,7,0.133473
20261003T123805Z-873b0c436493,fedprox,0,0.564047,0.750588,11,0.199727
20261003T123806Z-541deba28f40,fedprox,1,0.599171,0.750588,10,0.143685
20261003T123808Z-81c62b3d5ea3,fedprox,2,0.571172,0.750588,7,0.135861
20261003T123927Z-54a126b7d4e2,scaffold,0,0.403422,0.750588,11,0.196629
20261003T123929Z-260c52d58df2,scaffold,1,0.403422,0.769544,10,0.198809
20261003T123934Z-0c4294d989d9,scaffold,2,0.403422,0.795239,7,0.217965
20261003T124056Z-df3393d7e3b6,fednova,0,0.607265,0.750588,11,0.174687
20261003T124101Z-5c66883eba74,fednova,1,0.600786,0.750588,10,0.127218
20261003T124103Z-e08e8d1a8a72,fednova,2,0.57746,0.750588,7,0.111
20261003T124202Z-0eb82d3d8aea,feddyn,0,0.542421,0.760271,11,0.198713
20261003T124208Z-dc69fad7a265,feddyn,1,0.497359,0.769544,10,0.104153
20261003T124211Z-ea7f02562445,feddyn,2,0.558132,0.795239,7,0.099399
20261003T124337Z-acd71b06fa47,moon,0,0.556177,0.709198,11,0.186211
20261003T124342Z-488187497fd5,moon,1,0.562514,0.750588,10,0.132879
20261003T124347Z-354c212d880a,moon,2,0.508308,0.750588,7,0.138707
