run_id,aggregator,attack,privacy,seed,global_swell_macro_f1,global_wesad_macro_f1,quorum_failed,dropped,malicious_dropped,malicious_present,clipped,selections,selections_f0,rescued_keys,epsilon_central,epsilon_local
20261003T164618Z-204cd2210caf,fedavg,none,none,1,0.612682,0.750588,0,0.0,0.0,0.0,0.0,0,0,0,0.0,0.0
20261003T164618Z-57995be2fa30,fedavg,none,none,2,0.528538,0.750588,0,0.0,0.0,0.0,0.0,0,0,0,0.0,0.0
20261003T164618Z-8f918e8c78a0,fedavg,none,none,0,0.593081,0.750588,0,0.0,0.0,0.0,0.0,0,0,0,0.0,0.0
20261003T164732Z-cbfb6faab385,"dp_fedavg(clip=1.0,sigma=0.5)",none,none,0,0.601395,0.592547,0,0.0,0.0,0.0,0.0,0,0,0,82.9245,0.0
20261003T164734Z-e684e3843431,"dp_fedavg(clip=1.0,sigma=0.5)",none,none,1,0.596035,0.696977,0,0.0,0.0,0.0,0.0,0,0,0,82.9245,0.0
20261003T164735Z-7026538fa736,"dp_fedavg(clip=1.0,sigma=0.5)",none,none,2,0.547071,0.596989,0,0.0,0.0,0.0,0.0,0,0,0,82.9245,0.0
20261003T164853Z-5db76e37dc4d,"dp_fedavg(clip=1.0,sigma=1.0)",none,none,0,0.425374,0.318722,10,0.0,0.0,0.0,0.0,0,0,0,30.4171,0.0
20261003T164856Z-3ef29350c0ff,"dp_fedavg(clip=1.0,sigma=1.0)",none,none,2,0.416737,0.339878,9,0.0,0.0,0.0,0.0,0,0,0,30.4171,0.0
20261003T164856Z-f5e1475d69d1,"dp_fedavg(clip=1.0,sigma=1.0)",none,none,1,0.50419,0.273841,8,0.0,0.0,0.0,0.0,0,0,0,31.4598,0.0
20261003T165019Z-2e79708b167d,fedavg,none,"local_dp(clip=1.0,sigma=0.5)",1,0.538619,0.28008,9,0.0,0.0,0.0,0.0,0,0,0,0.0,245.9058
20261003T165019Z-42de3e24da10,fedavg,none,"local_dp(clip=1.0,sigma=0.5)",0,0.418027,0.341342,11,0.0,0.0,0.0,0.0,0,0,0,0.0,245.9058
20261003T165021Z-094272c1d981,fedavg,none,"local_dp(clip=1.0,sigma=0.5)",2,0.483634,0.32855,9,0.0,0.0,0.0,0.0,0,0,0,0.0,245.9058
20261003T165134Z-0e9d8776730b,fedavg,none,"local_dp(clip=1.0,sigma=1.0)",1,0.403422,0.513945,18,0.0,0.0,0.0,0.0,0,0,0,0.0,82.9245
20261003T165134Z-d0bd4d1d6066,fedavg,none,"local_dp(clip=1.0,sigma=1.0)",0,0.456853,0.261724,17,0.0,0.0,0.0,0.0,0,0,0,0.0,82.9245
20261003T165135Z-80a861b47641,fedavg,none,"local_dp(clip=1.0,sigma=1.0)",2,0.410636,0.397721,18,0.0,0.0,0.0,0.0,0,0,0,0.0,82.9245
