run_id,scenario,seed,parent_run_id,first_round,last_round,global_swell_macro_f1,global_wesad_macro_f1,wesad_after_5_rounds,quorum_failed,config_id,swell_change_from_parent
20261003T235100Z-25caabd6744d,"from scratch, 20 rounds",0,,1,20,0.563444,0.750588,0.345081,0,a1de5d60275ef923fa1428a08b7b447c6ab22368174e7404e5ea6bca2ba917d6,0.052107
20261003T235100Z-7c522cf2f8ea,"from scratch, 20 rounds",1,,1,20,0.572084,0.754089,0.261724,0,a1de5d60275ef923fa1428a08b7b447c6ab22368174e7404e5ea6bca2ba917d6,0.094288
20261003T235100Z-211badfe3c31,"from scratch, 20 rounds",2,,1,20,0.511682,0.750588,0.369964,0,a1de5d60275ef923fa1428a08b7b447c6ab22368174e7404e5ea6bca2ba917d6,0.10826
20261003T235100Z-6381552b8298,"from scratch, 40 rounds",0,,1,40,0.581498,0.760271,0.345081,0,0f6daf3c41e7af432e375e57cdf90e27667212d8f8bd2f628331d6da9e47819e,0.070161
20261003T235100Z-9d2931a7dbef,"from scratch, 40 rounds",1,,1,40,0.62488,0.778443,0.261724,0,0f6daf3c41e7af432e375e57cdf90e27667212d8f8bd2f628331d6da9e47819e,0.147084
20261003T235100Z-44b57d5e9cd6,"from scratch, 40 rounds",2,,1,40,0.618164,0.769544,0.369964,0,0f6daf3c41e7af432e375e57cdf90e27667212d8f8bd2f628331d6da9e47819e,0.214742
20261003T234951Z-cbeb99962e37,parent (SWELL only),0,,1,20,0.511337,,,0,d7e3dff389f03537e39cad0a91eea6129a2aeaab262890b9da821c1bba8e57c3,
20261003T234951Z-7fd3ce9bf64b,parent (SWELL only),1,,1,20,0.477796,,,0,d7e3dff389f03537e39cad0a91eea6129a2aeaab262890b9da821c1bba8e57c3,
20261003T234951Z-2c2b0caa2515,parent (SWELL only),2,,1,20,0.403422,,,0,d7e3dff389f03537e39cad0a91eea6129a2aeaab262890b9da821c1bba8e57c3,
20261003T235100Z-e20be257ab25,warm start,0,20261003T234951Z-cbeb99962e37,21,40,0.597218,0.750588,0.696715,0,0d59969ed6a6a4a55541278f76d55b5fab5620e49d350d38e79913111fa58868,0.085881
20261003T235100Z-ce24fd9c1460,warm start,1,20261003T234951Z-7fd3ce9bf64b,21,40,0.61702,0.750588,0.750588,0,0d59969ed6a6a4a55541278f76d55b5fab5620e49d350d38e79913111fa58868,0.139224
20261003T235328Z-0a463de16987,warm start,2,20261003T234951Z-2c2b0caa2515,21,40,0.584229,0.750588,0.71426,0,0d59969ed6a6a4a55541278f76d55b5fab5620e49d350d38e79913111fa58868,0.180807
20261003T235328Z-bdbe2cc6bafb,"warm start, SWELL adapter frozen",0,20261003T234951Z-cbeb99962e37,21,40,0.579713,0.750588,0.696573,0,25f415a233e4f4064d19d5f52291a01d685e271b43e6615561f93c4c8ba5636d,0.068376
20261003T235328Z-48a4a3f342f2,"warm start, SWELL adapter frozen",1,20261003T234951Z-7fd3ce9bf64b,21,40,0.570845,0.760271,0.744406,0,25f415a233e4f4064d19d5f52291a01d685e271b43e6615561f93c4c8ba5636d,0.093049
20261003T235330Z-dd77ddfc8903,"warm start, SWELL adapter frozen",2,20261003T234951Z-2c2b0caa2515,21,40,0.533851,0.769544,0.726116,0,25f415a233e4f4064d19d5f52291a01d685e271b43e6615561f93c4c8ba5636d,0.130429
