run_id,scenario,seed,global_swell_macro_f1,global_wesad_macro_f1,edge_received_macro_f1,edge_local_macro_f1,quorum_failed,late_buffered,late_dropped,t_virtual_end_s,config_id,commit
20261003T225454Z-686115fa7ad5,fedadagrad(server_lr=0.3),0,0.632178,0.911048,0.638854,0.658483,0,0,0,21.075,4ba99bb5fc79d1f3297b2c3ac01e8497392939956466d79f72e1c1d867836266,47c482f
20261003T225455Z-45ba522bd34e,fedadagrad(server_lr=0.3),1,0.625503,0.904773,0.613075,0.679686,0,0,0,20.877,4ba99bb5fc79d1f3297b2c3ac01e8497392939956466d79f72e1c1d867836266,47c482f
20261003T225455Z-a811a4b45133,fedadagrad(server_lr=0.3),2,0.621821,0.877007,0.62478,0.609218,0,0,0,20.788,4ba99bb5fc79d1f3297b2c3ac01e8497392939956466d79f72e1c1d867836266,47c482f
20261003T225207Z-a630aa4a86a7,fedadam(server_lr=0.03),0,0.61662,0.881414,0.64657,0.627417,0,0,0,21.103,01468d65fbb7a196905bc7586b8165c1cc6a602b44f31a89cc0274951cebd753,47c482f
20261003T225207Z-45109c3bb337,fedadam(server_lr=0.03),1,0.623895,0.819084,0.613059,0.620021,0,0,0,20.901,01468d65fbb7a196905bc7586b8165c1cc6a602b44f31a89cc0274951cebd753,47c482f
20261003T225452Z-087cf8d3a820,fedadam(server_lr=0.03),2,0.594468,0.859832,0.623696,0.594986,0,0,0,20.818,01468d65fbb7a196905bc7586b8165c1cc6a602b44f31a89cc0274951cebd753,47c482f
20261003T225207Z-b9f4d4f14d84,fedavgm(server_lr=0.1),0,0.501525,0.750588,0.557436,0.556502,0,0,0,21.12,8742546e7e980f38d6433a19f60f8bd7156003b015d6920a6a97ba3737a7bd53,47c482f
20261003T225207Z-72f99f21e841,fedavgm(server_lr=0.1),1,0.51395,0.750588,0.550503,0.54694,0,0,0,20.915,8742546e7e980f38d6433a19f60f8bd7156003b015d6920a6a97ba3737a7bd53,47c482f
20261003T225207Z-d9bd241318f5,fedavgm(server_lr=0.1),2,0.501239,0.760271,0.539519,0.519195,0,0,0,20.838,8742546e7e980f38d6433a19f60f8bd7156003b015d6920a6a97ba3737a7bd53,47c482f
20261003T225703Z-0a6de299211e,fedbuff[fedasync_mix(alpha=0.9)],0,0.579457,0.750588,0.634759,0.624555,0,283,0,12.068,a2431ff4ceaf0aadc9c5868b3cf1f8d9c4c793a0d4447f87b3b65f0490e589db,47c482f
20261003T225703Z-0f7f565a244a,fedbuff[fedasync_mix(alpha=0.9)],1,0.431514,0.750588,0.575602,0.687244,0,241,0,9.501,a2431ff4ceaf0aadc9c5868b3cf1f8d9c4c793a0d4447f87b3b65f0490e589db,47c482f
20261003T225706Z-ac60a8c93214,fedbuff[fedasync_mix(alpha=0.9)],2,0.524065,0.750588,0.551987,0.573418,0,324,0,13.815,a2431ff4ceaf0aadc9c5868b3cf1f8d9c4c793a0d4447f87b3b65f0490e589db,47c482f
20261003T225456Z-bec1d136b160,fedbuff[replace],0,0.431104,0.738338,0.689802,0.640846,0,284,0,12.094,4573c75c20a10d3fbc3e425f35443777f45be23ab70b9ce90d629c82663e065a,47c482f
20261003T225613Z-cd7948434b1f,fedbuff[replace],1,0.410067,0.769544,0.538203,0.664948,0,241,0,9.501,4573c75c20a10d3fbc3e425f35443777f45be23ab70b9ce90d629c82663e065a,47c482f
20261003T225703Z-250430a6cdce,fedbuff[replace],2,0.408511,0.738338,0.498942,0.611884,0,324,0,13.814,4573c75c20a10d3fbc3e425f35443777f45be23ab70b9ce90d629c82663e065a,47c482f
20261003T225452Z-8cc616b93a13,fedyogi(server_lr=0.1),0,0.617456,0.897368,0.608574,0.621871,0,0,0,21.089,66422dfb8de5bd448e1ea1dfca0bdc68eb8faeab3ba031690268dbf643502382,47c482f
20261003T225452Z-8d9afba78e72,fedyogi(server_lr=0.1),1,0.584432,0.887096,0.619751,0.621345,0,0,0,20.889,66422dfb8de5bd448e1ea1dfca0bdc68eb8faeab3ba031690268dbf643502382,47c482f
20261003T225452Z-f71dd9892da6,fedyogi(server_lr=0.1),2,0.604024,0.839823,0.612753,0.610405,0,0,0,20.804,66422dfb8de5bd448e1ea1dfca0bdc68eb8faeab3ba031690268dbf643502382,47c482f
20261003T225207Z-d37999dfcb08,replace,0,0.563444,0.750588,0.571697,0.594635,0,0,0,21.117,185060a3ba19bea57a1450228a1f0ccc2387b2c15c1c8ccd47d91bba28f8d7f6,47c482f
20261003T225207Z-478e7f4da530,replace,1,0.572084,0.754089,0.612369,0.585108,0,0,0,20.913,185060a3ba19bea57a1450228a1f0ccc2387b2c15c1c8ccd47d91bba28f8d7f6,47c482f
20261003T225207Z-66e63555f9f6,replace,2,0.511682,0.750588,0.576715,0.563152,0,0,0,20.835,185060a3ba19bea57a1450228a1f0ccc2387b2c15c1c8ccd47d91bba28f8d7f6,47c482f
