run_id,scenario,seed,model,macro_f1,samples,edges
20261003T094745Z-4e91cef3f15a,"fedavg,standard",0,finetuned,0.627816,559,28
20261003T094745Z-4e91cef3f15a,"fedavg,standard",0,local,0.650561,559,28
20261003T094745Z-4e91cef3f15a,"fedavg,standard",0,received,0.599621,559,28
20261003T094745Z-96fbe3ad4135,"fedavg,standard",2,finetuned,0.598127,559,28
20261003T094745Z-96fbe3ad4135,"fedavg,standard",2,local,0.632464,559,28
20261003T094745Z-96fbe3ad4135,"fedavg,standard",2,received,0.588147,559,28
20261003T094745Z-cf846fe9fcbe,"fedavg,standard",1,finetuned,0.595519,548,27
20261003T094745Z-cf846fe9fcbe,"fedavg,standard",1,local,0.63905,548,27
20261003T094745Z-cf846fe9fcbe,"fedavg,standard",1,received,0.592625,548,27
20261003T094909Z-ee048dcf22a5,"fedper,standard",0,finetuned,0.645164,559,28
20261003T094909Z-ee048dcf22a5,"fedper,standard",0,local,0.642823,559,28
20261003T094909Z-ee048dcf22a5,"fedper,standard",0,received,0.587684,559,28
20261003T094912Z-8e3f0da245a5,"fedper,standard",1,finetuned,0.589412,548,27
20261003T094912Z-8e3f0da245a5,"fedper,standard",1,local,0.635462,548,27
20261003T094912Z-8e3f0da245a5,"fedper,standard",1,received,0.595052,548,27
20261003T094912Z-ed4ac7623558,"fedper,standard",2,finetuned,0.599273,559,28
20261003T094912Z-ed4ac7623558,"fedper,standard",2,local,0.616749,559,28
20261003T094912Z-ed4ac7623558,"fedper,standard",2,received,0.591146,559,28
20261003T095029Z-e8300dd65da2,"lg_fedavg,standard",0,finetuned,0.69162,559,28
20261003T095029Z-e8300dd65da2,"lg_fedavg,standard",0,local,0.69097,559,28
20261003T095029Z-e8300dd65da2,"lg_fedavg,standard",0,received,0.682828,559,28
20261003T095037Z-1d7a8be0b6ee,"lg_fedavg,standard",1,finetuned,0.678431,548,27
20261003T095037Z-1d7a8be0b6ee,"lg_fedavg,standard",1,local,0.696357,548,27
20261003T095037Z-1d7a8be0b6ee,"lg_fedavg,standard",1,received,0.676018,548,27
20261003T095037Z-7470c72f1dbc,"lg_fedavg,standard",2,finetuned,0.70289,559,28
20261003T095037Z-7470c72f1dbc,"lg_fedavg,standard",2,local,0.695867,559,28
20261003T095037Z-7470c72f1dbc,"lg_fedavg,standard",2,received,0.690857,559,28
20261003T095146Z-2a0127676b17,"fedavg,ditto",0,finetuned,0.639132,559,28
20261003T095146Z-2a0127676b17,"fedavg,ditto",0,local,0.637554,559,28
20261003T095146Z-2a0127676b17,"fedavg,ditto",0,personal,0.64868,559,28
20261003T095146Z-2a0127676b17,"fedavg,ditto",0,received,0.616206,559,28
20261003T095156Z-f80f9c9466f1,"fedavg,ditto",1,finetuned,0.585745,548,27
20261003T095156Z-f80f9c9466f1,"fedavg,ditto",1,local,0.635734,548,27
20261003T095156Z-f80f9c9466f1,"fedavg,ditto",1,personal,0.651811,548,27
20261003T095156Z-f80f9c9466f1,"fedavg,ditto",1,received,0.600977,548,27
20261003T095157Z-2fd36faa9799,"fedavg,ditto",2,finetuned,0.602215,559,28
20261003T095157Z-2fd36faa9799,"fedavg,ditto",2,local,0.627912,559,28
20261003T095157Z-2fd36faa9799,"fedavg,ditto",2,personal,0.651091,559,28
20261003T095157Z-2fd36faa9799,"fedavg,ditto",2,received,0.584121,559,28
20261003T095436Z-c80c50413117,"fedavg,apfl",0,finetuned,0.620219,559,28
20261003T095436Z-c80c50413117,"fedavg,apfl",0,local,0.649287,559,28
20261003T095436Z-c80c50413117,"fedavg,apfl",0,personal,0.69045,559,28
20261003T095436Z-c80c50413117,"fedavg,apfl",0,received,0.607135,559,28
20261003T095450Z-8666535ba422,"fedavg,apfl",1,finetuned,0.593704,548,27
20261003T095450Z-8666535ba422,"fedavg,apfl",1,local,0.65285,548,27
20261003T095450Z-8666535ba422,"fedavg,apfl",1,personal,0.691795,548,27
20261003T095450Z-8666535ba422,"fedavg,apfl",1,received,0.593905,548,27
20261003T095453Z-a9577827ae43,"fedavg,apfl",2,finetuned,0.597061,559,28
20261003T095453Z-a9577827ae43,"fedavg,apfl",2,local,0.63461,559,28
20261003T095453Z-a9577827ae43,"fedavg,apfl",2,personal,0.704027,559,28
20261003T095453Z-a9577827ae43,"fedavg,apfl",2,received,0.593583,559,28
20261003T095728Z-4971dbaa2dac,"fedper,fedrep",0,finetuned,0.614985,559,28
20261003T095728Z-4971dbaa2dac,"fedper,fedrep",0,local,0.624936,559,28
20261003T095728Z-4971dbaa2dac,"fedper,fedrep",0,received,0.591118,559,28
20261003T095745Z-2f31605f0317,"fedper,fedrep",1,finetuned,0.5552,548,27
20261003T095745Z-2f31605f0317,"fedper,fedrep",1,local,0.611515,548,27
20261003T095745Z-2f31605f0317,"fedper,fedrep",1,received,0.562939,548,27
20261003T095754Z-ec8e7bea7484,"fedper,fedrep",2,finetuned,0.618037,559,28
20261003T095754Z-ec8e7bea7484,"fedper,fedrep",2,local,0.626733,559,28
20261003T095754Z-ec8e7bea7484,"fedper,fedrep",2,received,0.60214,559,28
20261003T095917Z-b3cdefee71b6,"fedavg,fedbabu",0,finetuned,0.63536,559,28
20261003T095917Z-b3cdefee71b6,"fedavg,fedbabu",0,local,0.637275,559,28
20261003T095917Z-b3cdefee71b6,"fedavg,fedbabu",0,received,0.622851,559,28
20261003T095932Z-732bc66c7883,"fedavg,fedbabu",1,finetuned,0.587541,548,27
20261003T095932Z-732bc66c7883,"fedavg,fedbabu",1,local,0.624627,548,27
20261003T095932Z-732bc66c7883,"fedavg,fedbabu",1,received,0.601504,548,27
20261003T095938Z-087b046b8e83,"fedavg,fedbabu",2,finetuned,0.608757,559,28
20261003T095938Z-087b046b8e83,"fedavg,fedbabu",2,local,0.624737,559,28
20261003T095938Z-087b046b8e83,"fedavg,fedbabu",2,received,0.599922,559,28
