trigger,seed,run_id,dataset,round,samples,macro_f1
drift,0,20261007T091402Z-cc90182f083a,swell,2,747,0.450921
drift,0,20261007T091402Z-cc90182f083a,swell,3,85,0.0
drift,0,20261007T091402Z-cc90182f083a,swell,4,1127,0.0
drift,0,20261007T091402Z-cc90182f083a,wesad,2,201,0.042857
drift,1,20261007T091402Z-1ccf41647c62,swell,2,747,0.45284
drift,1,20261007T091402Z-1ccf41647c62,swell,3,85,0.0
drift,1,20261007T091402Z-1ccf41647c62,swell,4,1127,0.0
drift,1,20261007T091402Z-1ccf41647c62,wesad,2,201,0.110619
drift,2,20261007T091402Z-3e70eb53fb75,swell,2,747,0.429306
drift,2,20261007T091402Z-3e70eb53fb75,swell,3,85,0.0
drift,2,20261007T091402Z-3e70eb53fb75,swell,4,1127,0.0
drift,2,20261007T091402Z-3e70eb53fb75,wesad,2,201,0.014706
schedule,0,20261007T091329Z-4de49f16b2bc,swell,2,180,0.457831
schedule,0,20261007T091329Z-4de49f16b2bc,swell,3,180,0.5
schedule,0,20261007T091329Z-4de49f16b2bc,swell,4,170,0.5
schedule,0,20261007T091329Z-4de49f16b2bc,swell,5,22,0.5
schedule,0,20261007T091329Z-4de49f16b2bc,swell,6,60,0.0
schedule,0,20261007T091329Z-4de49f16b2bc,swell,7,135,0.0
schedule,0,20261007T091329Z-4de49f16b2bc,swell,8,175,0.069149
schedule,0,20261007T091329Z-4de49f16b2bc,swell,9,169,0.490964
schedule,0,20261007T091329Z-4de49f16b2bc,swell,10,99,0.5
schedule,0,20261007T091329Z-4de49f16b2bc,swell,11,76,0.5
schedule,0,20261007T091329Z-4de49f16b2bc,swell,12,110,0.5
schedule,0,20261007T091329Z-4de49f16b2bc,swell,13,148,0.5
schedule,0,20261007T091329Z-4de49f16b2bc,swell,14,164,0.5
schedule,0,20261007T091329Z-4de49f16b2bc,swell,15,154,0.5
schedule,0,20261007T091329Z-4de49f16b2bc,swell,16,94,0.5
schedule,0,20261007T091329Z-4de49f16b2bc,swell,17,23,0.5
schedule,0,20261007T091329Z-4de49f16b2bc,wesad,2,1,0.0
schedule,0,20261007T091329Z-4de49f16b2bc,wesad,3,88,0.0
schedule,0,20261007T091329Z-4de49f16b2bc,wesad,4,10,0.0
schedule,0,20261007T091329Z-4de49f16b2bc,wesad,5,69,0.0
schedule,0,20261007T091329Z-4de49f16b2bc,wesad,6,33,0.0
schedule,1,20261007T091329Z-84531ece8bce,swell,2,180,0.397993
schedule,1,20261007T091329Z-84531ece8bce,swell,3,180,0.5
schedule,1,20261007T091329Z-84531ece8bce,swell,4,170,0.5
schedule,1,20261007T091329Z-84531ece8bce,swell,5,22,0.5
schedule,1,20261007T091329Z-84531ece8bce,swell,6,60,0.0
schedule,1,20261007T091329Z-84531ece8bce,swell,7,135,0.0
schedule,1,20261007T091329Z-84531ece8bce,swell,8,175,0.027778
schedule,1,20261007T091329Z-84531ece8bce,swell,9,169,0.5
schedule,1,20261007T091329Z-84531ece8bce,swell,10,99,0.5
schedule,1,20261007T091329Z-84531ece8bce,swell,11,76,0.5
schedule,1,20261007T091329Z-84531ece8bce,swell,12,110,0.5
schedule,1,20261007T091329Z-84531ece8bce,swell,13,148,0.5
schedule,1,20261007T091329Z-84531ece8bce,swell,14,164,0.5
schedule,1,20261007T091329Z-84531ece8bce,swell,15,154,0.5
schedule,1,20261007T091329Z-84531ece8bce,swell,16,94,0.5
schedule,1,20261007T091329Z-84531ece8bce,swell,17,23,0.5
schedule,1,20261007T091329Z-84531ece8bce,wesad,2,1,0.0
schedule,1,20261007T091329Z-84531ece8bce,wesad,3,88,0.0
schedule,1,20261007T091329Z-84531ece8bce,wesad,4,10,0.0
schedule,1,20261007T091329Z-84531ece8bce,wesad,5,69,0.0
schedule,1,20261007T091329Z-84531ece8bce,wesad,6,33,0.0
schedule,2,20261007T091329Z-8908bf8c5426,swell,2,180,0.497207
schedule,2,20261007T091329Z-8908bf8c5426,swell,3,180,0.5
schedule,2,20261007T091329Z-8908bf8c5426,swell,4,170,0.5
schedule,2,20261007T091329Z-8908bf8c5426,swell,5,22,0.5
schedule,2,20261007T091329Z-8908bf8c5426,swell,6,60,0.0
schedule,2,20261007T091329Z-8908bf8c5426,swell,7,135,0.0
schedule,2,20261007T091329Z-8908bf8c5426,swell,8,175,0.022346
schedule,2,20261007T091329Z-8908bf8c5426,swell,9,169,0.5
schedule,2,20261007T091329Z-8908bf8c5426,swell,10,99,0.5
schedule,2,20261007T091329Z-8908bf8c5426,swell,11,76,0.5
schedule,2,20261007T091329Z-8908bf8c5426,swell,12,110,0.5
schedule,2,20261007T091329Z-8908bf8c5426,swell,13,148,0.5
schedule,2,20261007T091329Z-8908bf8c5426,swell,14,164,0.5
schedule,2,20261007T091329Z-8908bf8c5426,swell,15,154,0.5
schedule,2,20261007T091329Z-8908bf8c5426,swell,16,94,0.5
schedule,2,20261007T091329Z-8908bf8c5426,swell,17,23,0.5
schedule,2,20261007T091329Z-8908bf8c5426,wesad,2,1,0.0
schedule,2,20261007T091329Z-8908bf8c5426,wesad,3,88,0.0
schedule,2,20261007T091329Z-8908bf8c5426,wesad,4,10,0.0
schedule,2,20261007T091329Z-8908bf8c5426,wesad,5,69,0.0
schedule,2,20261007T091329Z-8908bf8c5426,wesad,6,33,0.0
volume,0,20261007T091352Z-d32addaf3d06,swell,2,270,0.440994
volume,0,20261007T091352Z-d32addaf3d06,swell,3,282,0.5
volume,0,20261007T091352Z-d32addaf3d06,swell,4,370,0.0
volume,0,20261007T091352Z-d32addaf3d06,swell,5,306,0.0
volume,0,20261007T091352Z-d32addaf3d06,swell,6,543,0.377294
volume,0,20261007T091352Z-d32addaf3d06,swell,7,188,0.5
volume,0,20261007T091352Z-d32addaf3d06,wesad,2,41,0.046512
volume,0,20261007T091352Z-d32addaf3d06,wesad,3,80,0.0
volume,0,20261007T091352Z-d32addaf3d06,wesad,4,80,0.0
volume,1,20261007T091352Z-ecfdf3be71bf,swell,2,270,0.41048
volume,1,20261007T091352Z-ecfdf3be71bf,swell,3,282,0.5
volume,1,20261007T091352Z-ecfdf3be71bf,swell,4,370,0.0
volume,1,20261007T091352Z-ecfdf3be71bf,swell,5,306,0.0
volume,1,20261007T091352Z-ecfdf3be71bf,swell,6,543,0.377294
volume,1,20261007T091352Z-ecfdf3be71bf,swell,7,188,0.5
volume,1,20261007T091352Z-ecfdf3be71bf,wesad,2,41,0.0
volume,1,20261007T091352Z-ecfdf3be71bf,wesad,3,80,0.0
volume,1,20261007T091352Z-ecfdf3be71bf,wesad,4,80,0.0
volume,2,20261007T091352Z-056875810a8f,swell,2,270,0.495327
volume,2,20261007T091352Z-056875810a8f,swell,3,282,0.5
volume,2,20261007T091352Z-056875810a8f,swell,4,370,0.0
volume,2,20261007T091352Z-056875810a8f,swell,5,306,0.0
volume,2,20261007T091352Z-056875810a8f,swell,6,543,0.345783
volume,2,20261007T091352Z-056875810a8f,swell,7,188,0.5
volume,2,20261007T091352Z-056875810a8f,wesad,2,41,0.0
volume,2,20261007T091352Z-056875810a8f,wesad,3,80,0.0
volume,2,20261007T091352Z-056875810a8f,wesad,4,80,0.0
