run_id,scenario,trigger,seed,rounds,fired,drift_detected_edge,drift_detected_fog,drift_detected_global,statuses,prequential_swell_macro_f1,prequential_wesad_macro_f1,test_swell_macro_f1,test_wesad_macro_f1,test_swell_confusion,test_wesad_confusion,cloud_rounds_failed,train_failed,bytes_sent,same_model_as_c3,config_id
20261007T082313Z-cffab2ed3835,"continuum.trigger,continuum.status_every=drift(kind=prior),5m",drift,0,5,"{""drift/prior"": 3, ""horizon"": 1, ""start"": 1}",18,2,0,1088,0.735726,0.042857,0.403609,0.261803,"[[0, 203], [0, 425]]","[[0, 111], [0, 61]]",[],0,55131634,,c756445833acb983dbf3cc5d692c2d4fbfb9208cf05f3845467ccb1a78e5e3c8
20261007T082314Z-551c7c3f9432,"continuum.trigger,continuum.status_every=drift(kind=prior),5m",drift,1,6,"{""drift/prior"": 4, ""horizon"": 1, ""start"": 1}",18,3,0,1088,0.735986,0.110619,0.403609,0.261803,"[[0, 203], [0, 425]]","[[0, 111], [0, 61]]",[],0,67200402,,c756445833acb983dbf3cc5d692c2d4fbfb9208cf05f3845467ccb1a78e5e3c8
20261007T082314Z-774e3a82198c,"continuum.trigger,continuum.status_every=drift(kind=prior),5m",drift,2,6,"{""drift/prior"": 4, ""horizon"": 1, ""start"": 1}",18,3,0,1088,0.835625,0.014706,0.403609,0.261803,"[[0, 203], [0, 425]]","[[0, 111], [0, 61]]",[],0,67219506,,c756445833acb983dbf3cc5d692c2d4fbfb9208cf05f3845467ccb1a78e5e3c8
20261007T082236Z-9f4741d13044,"continuum.trigger,continuum.status_every=schedule(every=10m),10m",schedule,0,18,"{""horizon"": 1, ""schedule"": 16, ""start"": 1}",0,0,0,544,0.785279,0.0,0.403609,0.261803,"[[0, 203], [0, 425]]","[[0, 111], [0, 61]]",[],0,185611107,True,a13e9d5fdc991b9802592ee83e922d57235a1ee3cedb79cef32796f44bc1cafa
20261007T082236Z-b2986b7766c8,"continuum.trigger,continuum.status_every=schedule(every=10m),10m",schedule,1,18,"{""horizon"": 1, ""schedule"": 16, ""start"": 1}",0,0,0,544,0.763861,0.0,0.403609,0.261803,"[[0, 203], [0, 425]]","[[0, 111], [0, 61]]",[],0,185628502,True,a13e9d5fdc991b9802592ee83e922d57235a1ee3cedb79cef32796f44bc1cafa
20261007T082236Z-fc577a0caf82,"continuum.trigger,continuum.status_every=schedule(every=10m),10m",schedule,2,18,"{""horizon"": 1, ""schedule"": 16, ""start"": 1}",0,0,0,544,0.799557,0.0,0.403609,0.261803,"[[0, 203], [0, 425]]","[[0, 111], [0, 61]]",[],0,185669794,True,a13e9d5fdc991b9802592ee83e922d57235a1ee3cedb79cef32796f44bc1cafa
20261007T082259Z-5d840858d9a7,"continuum.trigger,continuum.status_every=volume(samples=300),5m",volume,0,9,"{""horizon"": 1, ""start"": 1, ""volume"": 7}",0,0,0,1088,0.620319,0.009852,0.403609,0.261803,"[[0, 203], [0, 425]]","[[0, 111], [0, 61]]",[],0,99556088,,d392aa5255f770024928c2df5c18a66b2b949955bbc05a0574bfb9c7aea39fa1
20261007T082300Z-b6c8d8e73bd0,"continuum.trigger,continuum.status_every=volume(samples=300),5m",volume,1,9,"{""horizon"": 1, ""start"": 1, ""volume"": 7}",0,0,0,1088,0.606076,0.0,0.403609,0.261803,"[[0, 203], [0, 425]]","[[0, 111], [0, 61]]",[],0,99543584,,d392aa5255f770024928c2df5c18a66b2b949955bbc05a0574bfb9c7aea39fa1
20261007T082300Z-2e7f6265a661,"continuum.trigger,continuum.status_every=volume(samples=300),5m",volume,2,9,"{""horizon"": 1, ""start"": 1, ""volume"": 7}",0,0,0,1088,0.64928,0.0,0.403609,0.261803,"[[0, 203], [0, 425]]","[[0, 111], [0, 61]]",[],0,99585628,,d392aa5255f770024928c2df5c18a66b2b949955bbc05a0574bfb9c7aea39fa1
