trigger,seed,run_id,round,fired,at_minutes,volume
drift,0,20261007T091402Z-cc90182f083a,1,start,0.113,0
drift,0,20261007T091402Z-cc90182f083a,2,drift/prior,60.113,1100
drift,0,20261007T091402Z-cc90182f083a,3,drift/prior,65.113,0
drift,0,20261007T091402Z-cc90182f083a,4,horizon,170.113,1279
drift,1,20261007T091402Z-1ccf41647c62,1,start,0.103,0
drift,1,20261007T091402Z-1ccf41647c62,2,drift/prior,60.103,1100
drift,1,20261007T091402Z-1ccf41647c62,3,drift/prior,65.103,0
drift,1,20261007T091402Z-1ccf41647c62,4,horizon,170.103,1279
drift,2,20261007T091402Z-3e70eb53fb75,1,start,0.09,0
drift,2,20261007T091402Z-3e70eb53fb75,2,drift/prior,60.09,1100
drift,2,20261007T091402Z-3e70eb53fb75,3,drift/prior,65.09,0
drift,2,20261007T091402Z-3e70eb53fb75,4,horizon,170.09,1279
schedule,0,20261007T091329Z-4de49f16b2bc,1,start,0.113,0
schedule,0,20261007T091329Z-4de49f16b2bc,2,schedule,10.113,0
schedule,0,20261007T091329Z-4de49f16b2bc,3,schedule,20.113,0
schedule,0,20261007T091329Z-4de49f16b2bc,4,schedule,30.113,0
schedule,0,20261007T091329Z-4de49f16b2bc,5,schedule,40.113,0
schedule,0,20261007T091329Z-4de49f16b2bc,6,schedule,50.113,0
schedule,0,20261007T091329Z-4de49f16b2bc,7,schedule,60.113,0
schedule,0,20261007T091329Z-4de49f16b2bc,8,schedule,70.113,0
schedule,0,20261007T091329Z-4de49f16b2bc,9,schedule,80.113,0
schedule,0,20261007T091329Z-4de49f16b2bc,10,schedule,90.113,0
schedule,0,20261007T091329Z-4de49f16b2bc,11,schedule,100.113,0
schedule,0,20261007T091329Z-4de49f16b2bc,12,schedule,110.113,0
schedule,0,20261007T091329Z-4de49f16b2bc,13,schedule,120.113,0
schedule,0,20261007T091329Z-4de49f16b2bc,14,schedule,130.113,0
schedule,0,20261007T091329Z-4de49f16b2bc,15,schedule,140.113,0
schedule,0,20261007T091329Z-4de49f16b2bc,16,schedule,150.113,0
schedule,0,20261007T091329Z-4de49f16b2bc,17,schedule,160.113,0
schedule,0,20261007T091329Z-4de49f16b2bc,18,horizon,170.113,0
schedule,1,20261007T091329Z-84531ece8bce,1,start,0.103,0
schedule,1,20261007T091329Z-84531ece8bce,2,schedule,10.103,0
schedule,1,20261007T091329Z-84531ece8bce,3,schedule,20.103,0
schedule,1,20261007T091329Z-84531ece8bce,4,schedule,30.103,0
schedule,1,20261007T091329Z-84531ece8bce,5,schedule,40.103,0
schedule,1,20261007T091329Z-84531ece8bce,6,schedule,50.103,0
schedule,1,20261007T091329Z-84531ece8bce,7,schedule,60.103,0
schedule,1,20261007T091329Z-84531ece8bce,8,schedule,70.103,0
schedule,1,20261007T091329Z-84531ece8bce,9,schedule,80.103,0
schedule,1,20261007T091329Z-84531ece8bce,10,schedule,90.103,0
schedule,1,20261007T091329Z-84531ece8bce,11,schedule,100.103,0
schedule,1,20261007T091329Z-84531ece8bce,12,schedule,110.103,0
schedule,1,20261007T091329Z-84531ece8bce,13,schedule,120.103,0
schedule,1,20261007T091329Z-84531ece8bce,14,schedule,130.103,0
schedule,1,20261007T091329Z-84531ece8bce,15,schedule,140.103,0
schedule,1,20261007T091329Z-84531ece8bce,16,schedule,150.103,0
schedule,1,20261007T091329Z-84531ece8bce,17,schedule,160.103,0
schedule,1,20261007T091329Z-84531ece8bce,18,horizon,170.103,0
schedule,2,20261007T091329Z-8908bf8c5426,1,start,0.09,0
schedule,2,20261007T091329Z-8908bf8c5426,2,schedule,10.09,0
schedule,2,20261007T091329Z-8908bf8c5426,3,schedule,20.09,0
schedule,2,20261007T091329Z-8908bf8c5426,4,schedule,30.09,0
schedule,2,20261007T091329Z-8908bf8c5426,5,schedule,40.09,0
schedule,2,20261007T091329Z-8908bf8c5426,6,schedule,50.09,0
schedule,2,20261007T091329Z-8908bf8c5426,7,schedule,60.09,0
schedule,2,20261007T091329Z-8908bf8c5426,8,schedule,70.09,0
schedule,2,20261007T091329Z-8908bf8c5426,9,schedule,80.09,0
schedule,2,20261007T091329Z-8908bf8c5426,10,schedule,90.09,0
schedule,2,20261007T091329Z-8908bf8c5426,11,schedule,100.09,0
schedule,2,20261007T091329Z-8908bf8c5426,12,schedule,110.09,0
schedule,2,20261007T091329Z-8908bf8c5426,13,schedule,120.09,0
schedule,2,20261007T091329Z-8908bf8c5426,14,schedule,130.09,0
schedule,2,20261007T091329Z-8908bf8c5426,15,schedule,140.09,0
schedule,2,20261007T091329Z-8908bf8c5426,16,schedule,150.09,0
schedule,2,20261007T091329Z-8908bf8c5426,17,schedule,160.09,0
schedule,2,20261007T091329Z-8908bf8c5426,18,horizon,170.09,0
volume,0,20261007T091352Z-d32addaf3d06,1,start,0.113,0
volume,0,20261007T091352Z-d32addaf3d06,2,volume,15.113,335
volume,0,20261007T091352Z-d32addaf3d06,3,volume,35.113,359
volume,0,20261007T091352Z-d32addaf3d06,4,volume,70.113,328
volume,0,20261007T091352Z-d32addaf3d06,5,volume,95.113,344
volume,0,20261007T091352Z-d32addaf3d06,6,volume,135.113,377
volume,0,20261007T091352Z-d32addaf3d06,7,volume,165.113,331
volume,0,20261007T091352Z-d32addaf3d06,8,horizon,170.113,0
volume,1,20261007T091352Z-ecfdf3be71bf,1,start,0.103,0
volume,1,20261007T091352Z-ecfdf3be71bf,2,volume,15.103,335
volume,1,20261007T091352Z-ecfdf3be71bf,3,volume,35.103,359
volume,1,20261007T091352Z-ecfdf3be71bf,4,volume,70.103,328
volume,1,20261007T091352Z-ecfdf3be71bf,5,volume,95.103,344
volume,1,20261007T091352Z-ecfdf3be71bf,6,volume,135.103,377
volume,1,20261007T091352Z-ecfdf3be71bf,7,volume,165.103,331
volume,1,20261007T091352Z-ecfdf3be71bf,8,horizon,170.103,0
volume,2,20261007T091352Z-056875810a8f,1,start,0.09,0
volume,2,20261007T091352Z-056875810a8f,2,volume,15.09,335
volume,2,20261007T091352Z-056875810a8f,3,volume,35.09,359
volume,2,20261007T091352Z-056875810a8f,4,volume,70.09,328
volume,2,20261007T091352Z-056875810a8f,5,volume,95.09,344
volume,2,20261007T091352Z-056875810a8f,6,volume,135.09,377
volume,2,20261007T091352Z-056875810a8f,7,volume,165.09,331
volume,2,20261007T091352Z-056875810a8f,8,horizon,170.09,0
